Assembly,Genome,Name,Coverage,CPU Efficiency (%),Memory Efficiency (%),Job Wall-clock time,# contigs (>= 0 bp),# contigs (>= 1000 bp),# contigs (>= 5000 bp),# contigs (>= 10000 bp),# contigs (>= 25000 bp),# contigs (>= 50000 bp),Total length (>= 0 bp),Total length (>= 1000 bp),Total length (>= 5000 bp),Total length (>= 10000 bp),Total length (>= 25000 bp),Total length (>= 50000 bp),# contigs,Largest contig,Total length,GC (%),N50,N75,L50,L75,# total reads,# left,# right,Mapped (%),Properly paired (%),Avg. coverage depth,Coverage >= 1x (%),# N's per 100 kbp,genes,mRNA,tRNA,ncRNA,rRNA,avg_gene_length,BGC_count,kc_proportion,BGC_types,total_BGC_length,BGC_mean_length,BGC_median_length,contig_edge_proportion,BUSCO - C,BUSCO - S,BUSCO - D,BUSCO - F,BUSCO - M,Query,Species,Accession,Identity,Bitscore,E-value,Subject Name
1,GCF_000002495,Magnaporthe oryzae 70-15,5,18.65,87.49, 03:44:29,9935,7881,2420,578,14,0,36247691,34981230,20652346,8026962,432691,0,9242,42314,36000559,51.79,5762,3331,1925,3973,1367217,681366,681366,98.9,92.78,5,99.95,48,12758,12512,246,0,0,1230.02,34,0.24,"indole, T3PKS, NRPS, T1PKS, NRPS-like, terpene",319629,9400.85,8012,1,955 (72.79%),953 (72.64%),2 (0.15%),285 (21.72%),72 (5.49%),,,,,,,
2,GCF_000002495,Magnaporthe oryzae 70-15,10,18.43,95.13, 04:05:58,1348,1090,658,494,301,194,37226095,37122062,36013671,34814660,31769417,27881206,1157,694464,37175999,51.72,127900,49999,77,195,2732430,1362634,1362634,99.9,96.2,10,99.99,3.53,10849,10571,278,0,0,1606.27,54,0.19,"indole, T3PKS, NRPS, T1PKS, NRPS-like, terpene",1646789,30496.09,25647.5,0.61,1284 (97.87%),1281 (97.64%),3 (0.23%),22 (1.68%),6 (0.46%),,,,,,,
3,GCF_000002495,Magnaporthe oryzae 70-15,25,20.59,53.86, 03:58:06,1190,982,566,414,242,156,37350228,37263905,36217534,35108164,32402053,29204397,1046,704471,37314706,51.69,210828,59787,50,134,6829491,3406641,3406641,99.95,96.23,27,100,0.65,10881,10600,281,0,0,1586.58,54,0.19,"indole, T3PKS, NRPS, T1PKS, NRPS-like, terpene",1697006,31426.04,25786.5,0.56,1288 (98.17%),1285 (97.94%),3 (0.23%),20 (1.52%),4 (0.3%),,,,,,,
4,GCF_000002495,Magnaporthe oryzae 70-15,50,21.64,95.51, 04:23:39,5298,954,555,404,237,149,38303936,37248741,36258245,35160184,32577735,29361206,1256,1333858,37464791,51.67,224153,58834,44,126,13655001,6813467,6813467,99.52,94.91,54,99.99,5.78,10900,10619,281,0,0,1582.51,54,0.2,"indole, T3PKS, NRPS, T1PKS, NRPS-like, terpene",1672814,30978.04,26872.5,0.57,1284 (97.87%),1281 (97.64%),3 (0.23%),21 (1.6%),7 (0.53%),NODE_103_length_77709_cov_5.911719|F|ITS1,,NR_168801,96.032,206,2.72E-51,Dictyochaeta cangshanensis MFLU 18-1614 ITS region; from TYPE material
5,GCF_000002495,Magnaporthe oryzae 70-15,75,23.01,93.8, 04:45:22,5374,940,549,399,237,151,38328216,37263511,36292417,35199465,32691516,29542217,1234,1334418,37468894,51.66,224216,60090,43,125,20491819,10220229,10220229,99.54,94.92,81,99.99,6.65,10805,10526,279,0,0,1607.7,54,0.19,"indole, T3PKS, NRPS, T1PKS, NRPS-like, terpene",1689989,31296.09,26872.5,0.57,1289 (98.25%),1286 (98.02%),3 (0.23%),19 (1.45%),4 (0.3%),NODE_103_length_77709_cov_8.766789|F|ITS1,,NR_168801,96.032,206,2.72E-51,Dictyochaeta cangshanensis MFLU 18-1614 ITS region; from TYPE material
6,GCF_000002495,Magnaporthe oryzae 70-15,100,22.96,94.01, 04:37:20,5338,926,546,402,236,150,38327418,37269111,36315056,35259105,32693427,29588969,1216,1333822,37471017,51.66,224216,60409,43,123,27312670,13626579,13626579,99.48,94.89,108,99.99,5.29,10904,10624,280,0,0,1582,55,0.2,"indole, T3PKS, NRPS, T1PKS, NRPS-like, terpene",1701565,30937.55,25901,0.56,1285 (97.94%),1283 (97.79%),2 (0.15%),22 (1.68%),5 (0.38%),,,,,,,
7,GCF_000011425,Aspergillus nidulans FGSC A4,5,18.2,53.65, 03:10:52,7448,6090,2035,504,5,0,28818557,27974865,17327992,6714146,144565,0,7020,31878,28663928,50.43,6133,3503,1496,3026,993435,496498,496498,99,95.58,5,99.95,50.62,11455,11293,162,0,0,1256.16,46,0.26,"indole, NRPS, T1PKS, NRPS-like, terpene",412740,8972.61,7733.5,1,929 (70.81%),927 (70.66%),2 (0.15%),278 (21.19%),105 (8.0%),,,,,,,
8,GCF_000011425,Aspergillus nidulans FGSC A4,10,18.76,97.42, 03:13:09,444,396,316,284,228,172,29490195,29467709,29236515,29017019,28090461,26076756,414,871268,29480802,50.4,161210,91004,56,115,1986405,992952,992952,99.98,99.44,10,100,3.03,10283,10105,178,0,0,1583.45,61,0.51,"indole, NRPS, T1PKS, betalactone, NRPS-like, terpene",2413447,39564.7,43179,0.34,1271 (96.88%),1268 (96.65%),3 (0.23%),30 (2.29%),11 (0.84%),,,,,,,
9,GCF_000011425,Aspergillus nidulans FGSC A4,25,20.6,95.37, 03:17:27,314,273,205,178,147,127,29550659,29528872,29344397,29163859,28672607,27955202,292,1116267,29543427,50.39,288031,163556,32,66,4965225,2482224,2482224,99.99,99.51,25,100,0.4,9957,9779,178,0,0,1624.11,59,0.53,"indole, NRPS, T1PKS, betalactone, NRPS-like, terpene",2508488,42516.75,43319,0.24,1272 (96.95%),1269 (96.72%),3 (0.23%),24 (1.83%),16 (1.22%),,,,,,,
10,GCF_000011425,Aspergillus nidulans FGSC A4,50,20.92,98.47, 03:19:32,552,191,151,137,121,110,29660724,29552975,29456710,29357061,29087964,28669583,230,1156098,29579929,50.38,330421,193149,25,54,9930207,4964634,4964634,99.99,99.58,50,100,3.01,10023,9844,179,0,0,1591.04,58,0.52,"indole, NRPS, T1PKS, betalactone, NRPS-like, terpene",2572473,44352.98,45464,0.21,1261 (96.11%),1258 (95.88%),3 (0.23%),34 (2.59%),17 (1.3%),,,,,,,
11,GCF_000011425,Aspergillus nidulans FGSC A4,75,21.74,96.88, 03:36:34,557,180,139,129,114,102,29666600,29559143,29456822,29380268,29123497,28677939,218,1434591,29585604,50.38,365242,198881,21,49,14894836,7446818,7446818,99.99,99.58,75,100,3.83,9939,9761,178,0,0,1624.13,58,0.57,"indole, NRPS, T1PKS, betalactone, NRPS-like, terpene",2569293,44298.16,44627,0.19,1267 (96.57%),1264 (96.34%),3 (0.23%),26 (1.98%),19 (1.45%),,,,,,,
12,GCF_000011425,Aspergillus nidulans FGSC A4,100,22.43,94.56, 03:53:15,533,173,138,128,114,105,29664069,29559658,29473139,29404920,29163533,28832725,209,1156118,29584611,50.38,352294,213477,24,51,19860587,9929107,9929107,100,99.59,100,100,3.95,9967,9788,179,0,0,1622.51,59,0.46,"indole, NRPS, T1PKS, betalactone, NRPS-like, terpene",2560246,43394,43841,0.19,1271 (96.88%),1268 (96.65%),3 (0.23%),26 (1.98%),15 (1.14%),,,,,,,
13,GCF_000167675,Trichoderma reesei QM6a,5,18.51,87.57, 03:09:55,8352,6842,2275,554,7,0,32476969,31542886,19520432,7504503,204747,0,7858,37212,32299320,53.05,6129,3502,1668,3393,1111000,555363,555363,98.99,95.77,5,99.95,47.68,10968,10787,181,0,0,1230.19,23,0.09,"NRPS, terpene, NRPS-like, T1PKS",203377,8842.48,7655,1,958 (73.02%),955 (72.79%),3 (0.23%),297 (22.64%),57 (4.34%),NODE_4758_length_2313_cov_0.565416|F,,NR_138453,100,1007,0,Trichoderma parareesei ATCC MYA-4777 ITS region; from TYPE material
14,GCF_000167675,Trichoderma reesei QM6a,10,20,89.25, 02:45:25,317,286,248,221,181,151,33299546,33286311,33186996,32980217,32338653,31189212,298,1069084,33294775,52.88,268230,133998,37,79,2221351,1110629,1110629,99.99,99.85,10,100,2.43,9009,8811,198,0,0,1642.01,31,0.35,"NRPS, T1PKS, NRPS-like, terpene",1321169,42618.35,43913,0.23,1281 (97.64%),1275 (97.18%),6 (0.46%),22 (1.68%),9 (0.69%),NODE_202_length_15452_cov_1.215856|F,,NR_138453,100,1007,0,Trichoderma parareesei ATCC MYA-4777 ITS region; from TYPE material
15,GCF_000167675,Trichoderma reesei QM6a,25,21,90.71, 02:53:25,148,134,113,105,85,72,33328575,33318912,33260836,33205426,32861557,32374417,147,2198904,33328447,52.84,824163,405180,15,30,5553147,2776550,2776550,100,99.95,24,100,1.69,8915,8720,195,0,0,1650.67,29,0.48,"NRPS, T1PKS, NRPS-like, terpene",1308017,45104.03,45442,0.07,1287 (98.09%),1281 (97.64%),6 (0.46%),17 (1.3%),8 (0.61%),NODE_10_length_931008_cov_2.957002|F,,NR_138453,100,1007,0,Trichoderma parareesei ATCC MYA-4777 ITS region; from TYPE material
16,GCF_000167675,Trichoderma reesei QM6a,50,21.89,82.47, 03:06:36,148,108,95,88,74,61,33343479,33329016,33292386,33242564,33018747,32519900,116,2454046,33335277,52.84,843465,500231,13,26,11106271,5553074,5553074,100,99.98,49,100,3.65,8905,8710,195,0,0,1650.06,30,0.43,"NRPS, T1PKS, NRPS-like, terpene",1352700,45090,44755.5,0.07,1283 (97.79%),1277 (97.33%),6 (0.46%),16 (1.22%),13 (0.99%),NODE_10_length_1100388_cov_5.910303|F,,NR_120297,99.846,1192,0,Trichoderma reesei ITS region; from TYPE material
17,GCF_000167675,Trichoderma reesei QM6a,75,22.77,55.72, 03:24:43,131,102,92,86,71,59,33343267,33330825,33303299,33263519,33019974,32562300,110,2198918,33337246,52.83,843471,500838,13,26,16659310,8329557,8329557,100,99.98,74,100,3.85,8913,8718,195,0,0,1653.26,31,0.19,"NRPS, T1PKS, NRPS-like, terpene",1403319,45268.35,44324,0.06,1279 (97.48%),1273 (97.03%),6 (0.46%),20 (1.52%),13 (0.99%),NODE_10_length_1100404_cov_8.870032|F,,NR_138453,100,1007,0,Trichoderma parareesei ATCC MYA-4777 ITS region; from TYPE material
18,GCF_000167675,Trichoderma reesei QM6a,100,23.87,90.79, 03:31:49,141,103,91,84,70,58,33344372,33329883,33298148,33249321,33019841,32561593,112,2454027,33336948,52.83,843477,512056,13,25,22212671,11106207,11106207,100,99.98,99,100,3.94,8910,8715,195,0,0,1649.3,30,0.37,"NRPS, T1PKS, NRPS-like, terpene",1351990,45066.33,44175.5,0.07,1282 (97.71%),1276 (97.26%),6 (0.46%),19 (1.45%),11 (0.84%),NODE_10_length_1100396_cov_11.830410|F,,NR_138453,100,1007,0,Trichoderma parareesei ATCC MYA-4777 ITS region; from TYPE material
19,GCF_000182965,Candida albicans SC5314,5,18.63,12.92, 01:54:37,3839,3084,901,189,0,0,13662885,13200075,7454400,2506874,0,0,3571,24754,13564762,33.4,5560,3212,774,1570,475722,237413,237413,98.71,94.5,5,99.94,56.51,6597,6491,106,0,0,1160.35,2,0,"terpene, NRPS-like",30693,15346.5,15346.5,1,943 (71.88%),939 (71.57%),4 (0.3%),249 (18.98%),120 (9.15%),NODE_435_length_7375_cov_0.625276|F,,NR_138276,99.476,1040,0,Candida africana CBS 8781 ITS region; from TYPE material
20,GCF_000182965,Candida albicans SC5314,10,20.04,41.58, 01:54:31,467,398,319,281,182,95,14018266,13984499,13788585,13495146,11812153,8640563,424,298521,14002642,33.39,64364,35899,67,139,951250,474861,474861,99.91,98.61,10,99.99,12.34,5875,5752,123,0,0,1481.79,2,0,"terpene, NRPS-like",60908,30454,30454,0.5,1270 (96.8%),1269 (96.72%),1 (0.08%),21 (1.6%),21 (1.6%),NODE_288_length_9143_cov_1.113576|F,,NR_138276,99.476,1040,0,Candida africana CBS 8781 ITS region; from TYPE material
21,GCF_000182965,Candida albicans SC5314,25,20.46,41.59, 01:59:49,259,211,158,147,110,81,14047112,14024627,13904644,13816821,13218417,12130155,227,471403,14035868,33.39,165081,94921,29,58,2376524,1187172,1187172,99.92,98.9,25,99.98,29.5,5902,5778,124,0,0,1483.2,2,0,"terpene, NRPS-like",65562,32781,32781,0,1282 (97.71%),1282 (97.71%),0 (0.0%),16 (1.22%),14 (1.07%),NODE_137_length_11954_cov_2.734252|F,,NR_125332,99.777,821,0,Candida albicans CBS 562 ITS region; from TYPE material
22,GCF_000182965,Candida albicans SC5314,50,20.29,38.53, 02:13:29,499,187,145,133,104,75,14144852,14043083,13957308,13871789,13395254,12327269,232,436024,14073458,33.39,199759,97963,26,52,4752096,2374037,2374037,99.94,98.99,50,99.98,32.26,5890,5767,123,0,0,1488.21,2,0,"terpene, NRPS-like",65562,32781,32781,0,1277 (97.33%),1276 (97.26%),1 (0.08%),18 (1.37%),17 (1.3%),NODE_127_length_11962_cov_5.700634|F,,NR_138276,99.476,1040,0,Candida africana CBS 8781 ITS region; from TYPE material
23,GCF_000182965,Candida albicans SC5314,75,20.37,41.58, 02:21:05,493,173,130,119,100,76,14149158,14047577,13954708,13877658,13557840,12653361,213,489153,14074464,33.39,206653,103554,25,49,7128513,3561180,3561180,99.93,99.01,75,99.98,31.26,5889,5767,122,0,0,1483.13,2,0,"terpene, NRPS-like",65562,32781,32781,0,1282 (97.71%),1281 (97.64%),1 (0.08%),15 (1.14%),15 (1.14%),NODE_116_length_11868_cov_8.565199|F,,NR_125332,99.777,821,0,Candida albicans CBS 562 ITS region; from TYPE material
24,GCF_000182965,Candida albicans SC5314,100,22.53,81.92, 02:14:06,463,173,131,119,97,72,14144151,14047628,13960482,13877047,13502330,12576850,216,489116,14076918,33.39,210921,105931,24,47,9505416,4748514,4748514,99.92,98.98,100,99.98,29.32,5890,5766,124,0,0,1483.31,2,0,"terpene, NRPS-like",65562,32781,32781,0,1278 (97.41%),1277 (97.33%),1 (0.08%),17 (1.3%),17 (1.3%),NODE_115_length_11868_cov_11.546291|F,,NR_138276,99.476,1040,0,Candida africana CBS 8781 ITS region; from TYPE material
25,GCF_000271645,Tremella mesenterica Fries,5,15.2,15.03, 02:41:49,7686,5315,1502,329,4,0,23439309,22183410,12630942,4488489,107512,0,6505,27879,23046153,46.46,5535,3052,1292,2685,933342,463573,463573,98.89,88.48,5,99.95,44.46,9162,9126,36,0,0,1442.7,3,0.33,"terpene, NRPS-like",34307,11435.67,6989,1,695 (52.97%),692 (52.74%),3 (0.23%),378 (28.81%),239 (18.22%),NODE_435_length_9119_cov_1.888901|F,,NR_155937,100,693,0,Tremella mesenterica CBS 6973 ITS region; from TYPE material
26,GCF_000271645,Tremella mesenterica Fries,10,15.72,59.34, 02:38:15,1805,1338,719,545,299,144,24506321,24298683,22810731,21570868,17521514,12065861,1488,300199,24407635,46.48,49517,21702,147,333,1861553,926880,926880,99.93,93.39,11,99.99,5.35,7460,7421,39,0,0,2068,4,0.25,"terpene, NRPS-like",93807,23451.75,22838.5,0.5,1106 (84.3%),1102 (83.99%),4 (0.3%),128 (9.76%),78 (5.95%),NODE_565_length_9128_cov_3.579158|F,,NR_155937,100,693,0,Tremella mesenterica CBS 6973 ITS region; from TYPE material
27,GCF_000271645,Tremella mesenterica Fries,25,16.21,41.64, 02:48:05,1685,1236,678,497,294,158,24914315,24726014,23377817,22083215,18792920,13952881,1368,252909,24827905,46.49,54558,25624,129,288,4648517,2316938,2316938,99.96,94.22,27,99.99,4.78,7628,7589,39,0,0,2097.66,4,0.25,"terpene, NRPS-like",100758,25189.5,22838.5,0.5,1127 (85.9%),1123 (85.59%),4 (0.3%),126 (9.6%),59 (4.5%),NODE_405_length_15247_cov_6.347421|F,,NR_155937,100,693,0,Tremella mesenterica CBS 6973 ITS region; from TYPE material
28,GCF_000271645,Tremella mesenterica Fries,50,18.26,66.29, 02:54:12,7928,1170,655,500,300,154,26578769,24918682,23678503,22585254,19292323,14061554,1605,441415,25214758,46.51,55933,26728,127,286,9293505,4634982,4634982,99.93,94.06,55,99.99,7.82,7322,7283,39,0,0,2186.69,4,0.25,"terpene, NRPS-like",100760,25190,22838.5,0.5,1135 (86.51%),1131 (86.2%),4 (0.3%),117 (8.92%),60 (4.57%),NODE_603_length_6005_cov_15.723886|F,,NR_155937,100,693,0,Tremella mesenterica CBS 6973 ITS region; from TYPE material
29,GCF_000271645,Tremella mesenterica Fries,75,19.2,22.11, 03:12:21,7618,1061,648,496,297,160,26593777,25022354,23994254,22934213,19652577,14687469,1424,441600,25263750,46.51,57676,28437,122,271,13937704,6952393,6952393,99.95,94.47,82,99.99,11.68,7531,7492,39,0,0,2065.88,4,0.25,"terpene, NRPS-like",100761,25190.25,22838.5,0.5,1107 (84.38%),1103 (84.07%),4 (0.3%),126 (9.6%),79 (6.02%),NODE_597_length_6005_cov_23.063457|F,,NR_155937,100,693,0,Tremella mesenterica CBS 6973 ITS region; from TYPE material
30,GCF_000271645,Tremella mesenterica Fries,100,20.32,41.63, 03:20:40,7428,1005,623,485,302,168,26581521,25057646,24085422,23120097,20052708,15273327,1329,441600,25272584,46.51,59837,29704,120,263,18579298,9268545,9268545,99.94,94.58,109,99.98,16.01,7295,7256,39,0,0,2194.65,4,0.25,"terpene, NRPS-like",100760,25190,22838.5,0.5,1124 (85.67%),1121 (85.44%),3 (0.23%),118 (8.99%),70 (5.34%),NODE_577_length_6005_cov_31.677101|F,,NR_155937,100,869,0,Tremella mesenterica CBS 6973 ITS region; from TYPE material
31,GCF_000271745,Fusarium oxysporum NRRL 32931,5,17.38,90.93, 04:34:41,12860,7801,3258,1198,49,0,46349575,44659306,32594539,18063260,1458190,0,9046,43228,45563992,48,8182,4560,1722,3589,1570275,784143,784143,99.59,96.52,5,99.84,157.57,15670,15435,235,0,0,1215.22,41,0.12,"indole, T3PKS, NRPS, T1PKS, NRPS-like, terpene",459247,11201.15,10963,1,1004 (76.52%),996 (75.91%),8 (0.61%),206 (15.7%),102 (7.77%),,,,,,,
32,GCF_000271745,Fusarium oxysporum NRRL 32931,10,18.94,92.1, 03:54:02,759,727,458,378,286,220,47092239,47069319,46469310,45899759,44371734,42007771,752,765729,47089783,47.65,231898,120367,66,136,3136095,1567970,1567970,100,99.84,9,100,2.7,15136,14835,301,0,0,1474.92,47,0.28,"indole, T3PKS, NRPS, T1PKS, betalactone, NRPS-like, terpene",1865457,39690.57,43370,0.3,1289 (98.25%),1280 (97.56%),9 (0.69%),18 (1.37%),5 (0.38%),,,,,,,
33,GCF_000271745,Fusarium oxysporum NRRL 32931,25,20.66,92.5, 03:55:25,510,497,256,200,137,99,47144452,47134328,46586396,46199232,45241832,43968740,506,2140819,47142888,47.64,796603,327332,19,43,7841261,3920594,3920594,100,99.94,24,100,1.53,14658,14355,303,0,0,1478.51,45,0.36,"indole, T3PKS, NRPS, T1PKS, betalactone, NRPS-like, terpene",1924484,42766.31,43855,0.11,1289 (98.25%),1281 (97.64%),8 (0.61%),18 (1.37%),5 (0.38%),,,,,,,
34,GCF_000271745,Fusarium oxysporum NRRL 32931,50,20.89,94.79, 04:23:10,479,464,232,177,123,84,47158933,47149796,46633514,46247274,45409483,44097567,472,3296089,47156776,47.64,825405,426915,14,33,15682037,7840984,7840984,100,99.97,49,100,2.03,15113,14814,299,0,0,1477.46,46,0.28,"indole, T3PKS, NRPS, T1PKS, betalactone, NRPS-like, terpene",1947393,42334.63,43809.5,0.11,1293 (98.55%),1283 (97.79%),10 (0.76%),15 (1.14%),4 (0.3%),,,,,,,
35,GCF_000271745,Fusarium oxysporum NRRL 32931,75,22.7,90.15, 04:53:14,475,457,229,171,119,83,47161079,47150434,46638294,46228921,45416159,44227243,467,3296168,47158544,47.64,820871,426909,14,33,23522620,11761243,11761243,100,99.97,74,100,2.18,15147,14847,300,0,0,1474.83,47,0.36,"indole, T3PKS, NRPS, T1PKS, betalactone, NRPS-like, terpene",1977300,42070.21,43695,0.11,1294 (98.63%),1285 (97.94%),9 (0.69%),14 (1.07%),4 (0.3%),,,,,,,
36,GCF_000271745,Fusarium oxysporum NRRL 32931,100,24.46,96.5, 05:14:25,478,461,230,176,120,82,47162287,47152324,46639681,46259589,45416559,44162778,470,3296154,47159735,47.64,820858,426916,14,34,31362257,15681056,15681056,100,99.97,99,100,1.83,14642,14343,299,0,0,1481.45,44,0.2,"indole, T3PKS, NRPS, T1PKS, betalactone, NRPS-like, terpene",1891911,42997.98,44432.5,0.11,1291 (98.4%),1284 (97.87%),7 (0.53%),14 (1.07%),7 (0.53%),,,,,,,
37,GCF_000328475,Ustilago maydis 521,5,18.58,13.08, 02:14:33,4975,4111,1315,315,6,0,18946659,18403635,11103327,4249373,167725,0,4714,31735,18854492,54.05,5871,3421,1006,2047,652017,325863,325863,98.99,95.66,5,99.95,50.07,7978,7883,95,0,0,1363.61,10,0,"NRPS, terpene, NRPS-like",98619,9861.9,8826.5,1,873 (66.54%),867 (66.08%),6 (0.46%),297 (22.64%),142 (10.82%),,,,,,,
38,GCF_000328475,Ustilago maydis 521,10,19.41,12.77, 02:18:10,407,383,329,303,228,144,19383418,19375198,19231105,19049513,17785270,14688628,385,300587,19376597,54.05,85786,51250,67,141,1303606,651661,651661,99.97,99.53,10,100,2.98,6536,6428,108,0,0,1848.34,13,0.08,"NRPS, terpene, NRPS-like, T1PKS",457564,35197.23,36341,0.46,1233 (93.98%),1229 (93.67%),4 (0.3%),56 (4.27%),23 (1.75%),,,,,,,
39,GCF_000328475,Ustilago maydis 521,25,19.32,41.59, 02:26:35,325,295,253,241,196,148,19414624,19402608,19298322,19215095,18434663,16760845,302,358486,19408117,54.05,115527,65064,53,110,3259070,1629239,1629239,99.99,99.55,25,100,1.28,6502,6396,106,0,0,1857.55,13,0.08,"NRPS, terpene, NRPS-like, T1PKS",459430,35340.77,36387,0.46,1239 (94.44%),1236 (94.21%),3 (0.23%),56 (4.27%),17 (1.3%),,,,,,,
40,GCF_000328475,Ustilago maydis 521,50,21.93,88, 02:19:36,675,280,235,225,184,143,19518239,19405999,19296782,19229925,18520243,17018610,325,510059,19436067,54.04,121004,68720,49,102,6519415,3258678,3258678,99.99,99.31,50,99.99,5.07,6467,6362,105,0,0,1870.05,13,0.08,"NRPS, terpene, NRPS-like, T1PKS",458733,35287.15,36387,0.46,1241 (94.59%),1238 (94.36%),3 (0.23%),52 (3.96%),19 (1.45%),,,,,,,
41,GCF_000328475,Ustilago maydis 521,75,21.68,86.94, 02:35:25,655,249,211,201,164,133,19524976,19412292,19322023,19252637,18618706,17462553,288,510680,19438065,54.04,152532,78700,42,87,9778738,4887538,4887538,99.99,99.3,75,99.98,15.13,6475,6369,106,0,0,1862.5,13,0.08,"NRPS, T1PKS, NRPS-like, terpene",459976,35382.77,36392,0.46,1236 (94.21%),1233 (93.98%),3 (0.23%),55 (4.19%),21 (1.6%),,,,,,,
42,GCF_000328475,Ustilago maydis 521,100,22.07,23.52, 02:47:41,645,231,193,183,151,127,19528795,19417164,19330386,19263543,18705255,17799257,270,844182,19442492,54.04,157549,89474,40,80,13038843,6517056,6517056,99.99,99.34,100,99.98,23.85,6481,6376,105,0,0,1857.75,13,0.08,"NRPS, terpene, NRPS-like, T1PKS",470792,36214.77,41685,0.38,1236 (94.21%),1234 (94.05%),2 (0.15%),52 (3.96%),24 (1.83%),,,,,,,
43,GCF_000439145,Rhizophagus irregularis DAOM 197198,5,65.78,41.76, 11:01:52,47169,28314,5127,742,3,0,104652279,94417342,38966407,9358666,81599,0,37895,29120,101253414,27.33,3988,2204,7737,16234,4297630,2116233,2116233,99,83.86,6,99.92,42.53,31432,31360,72,0,0,1029.36,5,0,"siderophore, terpene, NRPS-like",37478,7495.6,6525,1,812 (61.89%),795 (60.59%),17 (1.3%),317 (24.16%),183 (13.95%),NODE_1139_length_8929_cov_1.399568|F,,NR_121371,90.147,863,0,Rhizophagus proliferus MUCL 41827 ITS region; from TYPE material
44,GCF_000439145,Rhizophagus irregularis DAOM 197198,10,44.29,41.76, 09:37:41,16520,13831,6603,3594,897,133,117288181,115925420,97385786,75886190,33794853,8174510,15017,93914,116789940,27.38,15015,7204,2171,4974,8509202,4231675,4231675,99.92,93.68,10,99.96,13.06,29641,29557,84,0,0,1368.09,7,0,"NRPS, terpene, NRPS-like, siderophore",162820,23260,20213,0.71,1138 (86.74%),1112 (84.76%),26 (1.98%),83 (6.33%),91 (6.94%),NODE_6083_length_5603_cov_3.939189|F,,NR_121371,87.738,534,3.04E-152,Rhizophagus proliferus MUCL 41827 ITS region; from TYPE material
45,GCF_000439145,Rhizophagus irregularis DAOM 197198,25,39.32,41.76, 09:44:18,14299,12169,6089,3648,1197,257,121496144,120408460,105123070,87719941,48931940,16953190,13142,152601,121163729,27.43,19631,9006,1722,3982,21213851,10578079,10578079,99.97,95.52,26,99.97,13.34,28530,28444,86,0,0,1392.9,6,0,"NRPS, terpene, NRPS-like, siderophore",136164,22694,21700,0.5,1129 (86.05%),1101 (83.92%),28 (2.13%),86 (6.55%),97 (7.39%),NODE_5615_length_5660_cov_9.299837|F,,NR_121371,90.147,863,0,Rhizophagus proliferus MUCL 41827 ITS region; from TYPE material
46,GCF_000439145,Rhizophagus irregularis DAOM 197198,50,32.12,41.73, 10:42:03,24079,9767,5359,3504,1456,399,126751557,122052990,110961099,97599449,64855965,28261667,11933,185492,123509896,27.47,26456,11971,1336,3050,42374717,21154456,21154456,99.97,96.5,51,99.98,16.48,29134,29050,84,0,0,1401.4,6,0,"NRPS, terpene, NRPS-like, siderophore",130723,21787.17,18954,0.67,1133 (86.36%),1109 (84.53%),24 (1.83%),79 (6.02%),100 (7.62%),NODE_9231_length_1254_cov_7.122449|F|ITS1,,NR_121371,88.11,534,8.34E-152,Rhizophagus proliferus MUCL 41827 ITS region; from TYPE material
47,GCF_000439145,Rhizophagus irregularis DAOM 197198,75,40.02,41.73, 11:24:25,22875,8958,5088,3428,1496,471,126883059,122415972,112558819,100482559,69338871,33854904,10874,203859,123704015,27.47,28654,13498,1217,2763,63555747,31733332,31733332,99.97,96.89,76,99.98,15.16,29473,29392,81,0,0,1470.87,5,0,"NRPS, terpene, NRPS-like, siderophore",115500,23100,22410,0.8,1144 (87.2%),1115 (84.98%),29 (2.21%),77 (5.87%),91 (6.94%),,,,,,,
48,GCF_000439145,Rhizophagus irregularis DAOM 197198,100,39.93,76.37, 02:20:25,22525,8826,5045,3450,1514,485,126929537,122563106,112946888,101431391,70342413,34726322,10667,203858,123789553,27.47,29270,13959,1201,2718,84732373,42310371,42310371,99.97,96.96,102,99.98,16.07,28776,28691,85,0,0,1419.15,6,0,"NRPS, terpene, NRPS-like, siderophore",136327,22721.17,21761.5,0.5,1127 (85.9%),1097 (83.61%),30 (2.29%),89 (6.78%),96 (7.32%),,,,,,,
49,GCF_000769745,Penicillium expansum MD-8,5,18.44,89.67, 03:43:01,8359,6692,2184,511,4,0,31361797,30340809,18404341,6788097,115533,0,7800,32585,31162742,47.74,5971,3456,1669,3368,1075959,537635,537635,98.98,95.31,5,99.95,45.92,12550,12400,150,0,0,1187.2,47,0.26,"indole, T3PKS, NRPS, T1PKS, NRPS-like, terpene",446398,9497.83,8459,1,964 (73.48%),958 (73.02%),6 (0.46%),265 (20.2%),83 (6.33%),,,,,,,
50,GCF_000769745,Penicillium expansum MD-8,10,18.18,91.85, 03:45:04,812,719,510,430,311,215,32245185,32205530,31690185,31102998,29125871,25697076,755,601037,32232746,47.56,104232,59522,88,187,2150745,1075169,1075169,99.98,99.59,10,99.99,6.76,11238,11060,178,0,0,1533.71,66,0.32,"indole, T3PKS, NRPS, T1PKS, betalactone, NRPS-like, terpene",2553899,38695.44,43811.5,0.52,1286 (98.02%),1275 (97.18%),11 (0.84%),20 (1.52%),6 (0.46%),,,,,,,
51,GCF_000769745,Penicillium expansum MD-8,25,19.77,95.44, 03:43:56,504,462,306,245,193,161,32304183,32286341,31920623,31467537,30630514,29364008,479,895665,32299598,47.53,213532,117656,47,97,5376491,2688020,2688020,99.99,99.8,24,99.99,9.07,10925,10746,179,0,0,1547.05,64,0.34,"indole, T3PKS, NRPS, T1PKS, betalactone, NRPS-like, terpene",2810128,43908.25,45691.5,0.34,1294 (98.63%),1283 (97.79%),11 (0.84%),13 (0.99%),5 (0.38%),,,,,,,
52,GCF_000769745,Penicillium expansum MD-8,50,20.56,87.99, 03:54:11,410,380,229,191,152,133,32334304,32318947,31960405,31678041,31034686,30324239,394,828186,32330251,47.52,289115,163064,34,72,10751671,5375484,5375484,100,99.92,49,99.99,12.94,10917,10734,183,0,0,1545.4,63,0.38,"indole, T3PKS, NRPS, T1PKS, betalactone, NRPS-like, terpene",2868037,45524.4,46288,0.24,1290 (98.32%),1280 (97.56%),10 (0.76%),16 (1.22%),6 (0.46%),,,,,,,
53,GCF_000769745,Penicillium expansum MD-8,75,20.63,95.9, 04:18:06,412,377,225,188,150,132,32337023,32318134,31951586,31673255,31033906,30354658,395,1004224,32331921,47.52,289146,163380,34,72,16127917,8063425,8063425,100,99.92,74,99.99,11.4,11204,11021,183,0,0,1542.86,64,0.39,"indole, T3PKS, NRPS, T1PKS, betalactone, NRPS-like, terpene",2927421,45740.95,46176.5,0.22,1293 (98.55%),1282 (97.71%),11 (0.84%),14 (1.07%),5 (0.38%),,,,,,,
54,GCF_000769745,Penicillium expansum MD-8,100,21.93,94.33, 04:21:27,409,373,222,182,146,129,32338501,32321035,31966122,31667062,31066025,30425244,388,1004233,32332649,47.52,308148,180399,33,69,21503534,10751000,10751000,100,99.92,99,99.99,11.11,10916,10733,183,0,0,1545.59,63,0.37,"indole, T3PKS, NRPS, T1PKS, betalactone, NRPS-like, terpene",2878092,45684,46288,0.22,1294 (98.63%),1284 (97.87%),10 (0.76%),13 (0.99%),5 (0.38%),,,,,,,
55,GCF_022495145,Xylaria bambusicola CBS 139988,5,18.1,91.9, 04:48:09,23309,7770,2984,1027,36,0,44876504,41499065,29032209,15180142,1062308,0,9533,41317,42758357,46.91,7567,4121,1741,3650,1527623,760617,760617,99.6,93.26,5,99.83,158.5,13143,12966,177,0,0,1318.43,77,0.17,"indole, T3PKS, NRPS, other, T1PKS, NRPS-like, terpene",962313,12497.57,11526,1,966 (73.63%),965 (73.55%),1 (0.08%),247 (18.83%),99 (7.55%),,,,,,,
56,GCF_022495145,Xylaria bambusicola CBS 139988,10,18.99,97.83, 04:09:05,898,842,604,499,381,279,45579735,45543108,44887658,44112638,42239604,38496338,881,524374,45573520,45.42,147862,73561,101,209,3043250,1521247,1521247,99.99,99.51,10,99.99,6.19,11791,11591,200,0,0,1635.34,84,0.25,"indole, T3PKS, NRPS, other, T1PKS, NRPS-like, terpene",3385150,40299.4,43422.5,0.36,1280 (97.56%),1277 (97.33%),3 (0.23%),27 (2.06%),5 (0.38%),NODE_401_length_21582_cov_1.167094|F,,NR_153200,100,917,0,Xylaria bambusicola WSP 205 ITS region; from TYPE material
57,GCF_022495145,Xylaria bambusicola CBS 139988,25,20.24,91.85, 04:08:17,398,375,298,251,194,173,45703625,45696105,45494385,45145553,44245284,43499738,380,1640169,45699748,45.34,324200,187348,42,87,7606482,3803210,3803210,100,99.91,24,100,4.55,11682,11481,201,0,0,1646.23,85,0.28,"indole, T3PKS, NRPS, other, T1PKS, NRPS-like, terpene",3565956,41952.42,44659,0.16,1289 (98.25%),1285 (97.94%),4 (0.3%),18 (1.37%),5 (0.38%),NODE_156_length_67442_cov_2.920300|F,,NR_153200,99.658,1070,0,Xylaria bambusicola WSP 205 ITS region; from TYPE material
58,GCF_022495145,Xylaria bambusicola CBS 139988,50,21.58,99.41, 04:18:59,274,264,212,186,138,125,45700570,45696644,45556109,45355169,44617018,44131868,266,2295669,45698243,45.35,490789,279738,28,58,15212333,7606119,7606119,100,99.98,49,100,4.4,11703,11503,200,0,0,1641.35,84,0.3,"indole, T3PKS, NRPS, other, T1PKS, NRPS-like, terpene",3571839,42521.89,44699.5,0.15,1283 (97.79%),1280 (97.56%),3 (0.23%),23 (1.75%),6 (0.46%),NODE_7_length_898617_cov_5.896875|F,,NR_153200,99.658,1070,0,Xylaria bambusicola WSP 205 ITS region; from TYPE material
59,GCF_022495145,Xylaria bambusicola CBS 139988,75,22.84,96.31, 04:43:32,244,238,192,168,124,114,45700073,45697483,45577330,45396293,44718441,44366853,240,2295661,45699084,45.34,535853,322489,24,52,22819109,11409511,11409511,100,99.99,74,100,3.58,11805,11604,201,0,0,1599.95,82,0.24,"indole, T3PKS, NRPS, other, T1PKS, NRPS-like, terpene",3458368,42175.22,45016.5,0.15,1270 (96.8%),1267 (96.57%),3 (0.23%),32 (2.44%),10 (0.76%),NODE_10_length_898596_cov_8.838856|F,,NR_153200,99.658,1070,0,Xylaria bambusicola WSP 205 ITS region; from TYPE material
60,GCF_022495145,Xylaria bambusicola CBS 139988,100,23.34,94.72, 04:59:18,246,240,190,164,121,111,45700971,45698941,45566505,45372760,44700463,44338474,241,2295672,45699887,45.34,561420,322538,23,50,30425170,15212515,15212515,100,99.99,99,100,4.01,11695,11495,200,0,0,1641.48,85,0.21,"indole, T3PKS, NRPS, other, T1PKS, NRPS-like, terpene",3640186,42825.72,44659,0.14,1283 (97.79%),1280 (97.56%),3 (0.23%),22 (1.68%),7 (0.53%),NODE_11_length_898605_cov_11.783023|F,,NR_153200,100,917,0,Xylaria bambusicola WSP 205 ITS region; from TYPE material
reference,GCF_000167675,Trichoderma reesei QM6a,125,,,,77,77,73,67,57,47,33395713,33395713,33380777,33342617,33193572,32806015,77,3756989,33395713,52.82,1219543,663018,9,19,,,,,,,,,,,,,,141.56,32,0.25,"NRPS-like, NRPS, terpene, T1PKS",1403336,43854.25,45574.5,0.06,755 (99.6%),754 (99.47%),1 (0.13%),0 (0.0%),3 (0.4%),,,,,,,
reference,GCF_000271745,Fusarium oxysporum NRRL 32931,125,,,,168,168,66,53,43,31,47906303,47906303,47724214,47625851,47469613,47014836,168,5466126,47906303,47.63,4457292,2670426,5,9,,,,,,,,,,,,,,1456.95,48,0.54,"indole, NRPS-like, T3PKS, terpene, T1PKS, NRPS, betalactone",2026230,42213.12,43183.5,0,1290 (98.32%),1281 (97.64%),9 (0.69%),15 (1.14%),7 (0.53%),,,,,,,
reference,GCF_000002495,Magnaporthe oryzae 70-15,125,,,,53,32,13,12,9,9,40979121,40965244,40923155,40917567,40868363,40868363,48,8319966,40977243,51.61,6606598,4490059,3,5,,,,,,,,,,,,,,72.72,53,0,"indole, NRPS-like, T3PKS, terpene, NRPS, T1PKS",2221781,41920.4,43843,0,756 (99.74%),746 (98.42%),10 (1.32%),0 (0.0%),2 (0.26%),,,,,,,
reference,GCF_000769745,Penicillium expansum MD-8,125,,,,382,377,216,177,140,123,32356048,32353069,31988818,31705723,31084353,30447952,380,1004373,32355202,47.52,301353,189170,33,68,,,,,,,,,,,,,,1.03,66,0.3,"indole, NRPS-like, T3PKS, terpene, T1PKS, NRPS, betalactone",3007623,45570.05,46183.5,0.24,1298 (98.93%),1289 (98.25%),9 (0.69%),8 (0.61%),6 (0.46%),,,,,,,
reference,GCF_000182965,Candida albicans SC5314,125,,,,8,8,8,8,8,8,14282666,14282666,14282666,14282666,14282666,14282666,8,3188341,14282666,33.46,2231883,1603259,3,5,,,,,,,,,,,,,,57.31,2,0,"NRPS-like, terpene",65562,32781,32781,0,725 (95.65%),720 (94.99%),5 (0.66%),6 (0.79%),27 (3.56%),,,,,,,
reference,GCF_022495145,Xylaria bambusicola CBS 139988,125,,,,233,233,182,157,118,106,45705225,45705225,45574146,45387861,44788064,44351442,233,2295671,45705225,45.34,561427,326363,23,49,,,,,,,,,,,,,,6.68,85,0.24,"indole, NRPS-like, T3PKS, other, terpene, fungal-RiPP, NRPS, T1PKS",3618075,42565.59,44744,0.13,1272 (96.95%),1269 (96.72%),3 (0.23%),29 (2.21%),11 (0.84%),,,,,,,
reference,GCF_000439145,Rhizophagus irregularis DAOM 197198,125,,,,1111,1109,817,729,645,552,136726313,136724359,136058634,135442552,134013613,130650368,1111,1375864,136726313,27.52,336373,170836,129,269,,,,,,,,,,,,,,5078.72,7,0,"NRPS-like, NRPS, terpene, siderophore",187178,26739.71,21637,0,1116 (85.06%),1083 (82.55%),33 (2.52%),95 (7.24%),101 (7.7%),,,,,,,
reference,GCF_000328475,Ustilago maydis 521,125,,,,27,27,25,23,23,23,19664356,19664356,19658416,19643891,19643891,19643891,27,2476501,19664356,54.03,884984,606072,7,14,,,,,,,,,,,,,,115.44,13,0.08,"NRPS-like, NRPS, terpene, T1PKS",503967,38766.69,43237,0.23,1234 (94.05%),1231 (93.83%),3 (0.23%),53 (4.04%),25 (1.91%),,,,,,,
reference,GCF_000011425,Aspergillus nidulans FGSC A4,125,,,,8,8,8,8,8,8,29828291,29828291,29828291,29828291,29828291,29828291,8,4876093,29828291,50.37,3704807,3354444,4,6,,,,,,,,,,,,,,35.09,55,0.67,"indole, NRPS-like, terpene, betalactone, NRPS, T1PKS",2425170,44094,44017,0,729 (96.17%),729 (96.17%),0 (0.0%),8 (1.06%),21 (2.77%),,,,,,,
reference,GCF_000271645,Tremella mesenterica Fries,125,,,,45,45,36,30,27,26,28639919,28639919,28604956,28562508,28524505,28479786,45,6012395,28639919,46.73,1622698,1119597,5,11,,,,,,,,,,,,,,2277.98,4,0.5,"NRPS-like, terpene",100819,25204.75,22838.5,0,1132 (86.28%),1129 (86.05%),3 (0.23%),118 (8.99%),62 (4.73%),,,,,,,
