,actual_coverage,# contigs,pooled_library,N50,L50,BGC_count,Complete BUSCOS (%),dataset,BGC total length (Mbp),Assembly length (Mbp)
0,12.621763702198495,20079.0,1,1548.0,5392.0,7.0,49.62,ELF,<0.1,26.325374
1,100.29615227034286,608.0,1,645.0,230.0,0.0,0.4,ELF,<0.1,0.422249
2,107.74078965163363,365.0,1,628.0,137.0,0.0,0.2,ELF,<0.1,0.251402
3,268.1588672034481,2093.0,1,3027.0,296.0,1.0,,ELF,<0.1,4.107569
4,106.14743729296234,244.0,1,666.0,94.0,0.0,0.2,ELF,<0.1,0.169957
5,7.58967770236416,20676.0,1,1379.0,5806.0,2.0,37.2,ELF,<0.1,24.84815
6,6.774367080522745,24485.0,1,2099.0,5687.0,2.0,22.18,ELF,<0.1,39.611516
7,9.590829621232047,12128.0,1,687.0,4754.0,0.0,3.8,ELF,<0.1,8.531556
8,7.535987672165878,18538.0,1,904.0,6245.0,1.0,15.47,ELF,<0.1,16.275365
9,22.354284302523162,8365.0,1,5903.0,1682.0,60.0,93.9,ELF,0.5-1,32.130049
10,17.37361044256555,14065.0,1,4513.0,3018.0,48.0,88.87,ELF,0.1-0.5,43.400599
11,206.7235104638468,2009.0,1,3743.0,272.0,0.0,,ELF,<0.1,4.510196
12,42.28470741580834,942.0,1,578.0,393.0,0.0,0.1,ELF,<0.1,0.587677
13,7.484979491021995,11169.0,1,4572.0,2376.0,32.0,63.95,ELF,0.1-0.5,34.985166
14,43.266181771418644,1423.0,1,64409.0,150.0,20.0,94.82,ELF,0.5-1,32.628628
15,12.160254168839062,5533.0,1,8761.0,1031.0,11.0,79.34,ELF,0.1-0.5,29.840322
16,8.022332316794378,21994.0,1,994.0,7032.0,0.0,12.2,ELF,<0.1,20.777692
17,52.69188564867155,1409.0,1,59629.0,205.0,32.0,96.27,ELF,1-1.5,40.012268
18,27.26478063022634,5049.0,1,10818.0,920.0,20.0,92.91,ELF,0.1-0.5,31.680618
19,44.65098166171344,5771.0,1,9665.0,1157.0,45.0,95.96,ELF,0.5-1,35.948942
20,72.19773279456592,664.0,1,636.0,242.0,0.0,,ELF,<0.1,0.465507
21,58.85710707061828,2684.0,1,24573.0,398.0,23.0,95.66,ELF,0.5-1,32.398468
22,32.365200747779845,1885.0,1,44696.0,203.0,30.0,94.59,ELF,0.5-1,33.329061
23,31.257760480540203,3550.0,1,16347.0,655.0,38.0,94.36,ELF,0.5-1,34.498508
24,92.44337979094077,237.0,1,588.0,94.0,0.0,,ELF,<0.1,0.153832
25,31.16535479231146,5004.0,1,21297.0,565.0,25.0,92.3,ELF,0.5-1,41.109755
26,17.713473436322698,4827.0,1,15989.0,856.0,48.0,93.29,ELF,1-1.5,44.406333
27,48.41023341982571,6746.0,1,10007.0,1068.0,9.0,88.87,ELF,0.1-0.5,36.684159
28,14.241933489415832,7377.0,1,6124.0,1562.0,63.0,91.16,ELF,0.5-1,30.617142
29,72.76031395750518,573.0,1,157796.0,68.0,26.0,97.41,ELF,1-1.5,35.884092
30,77.22889953640171,1492.0,1,74364.0,144.0,47.0,97.26,ELF,1.5-2,35.405869
31,70.88185234992893,1211.0,1,78279.0,135.0,21.0,96.11,ELF,0.5-1,37.357002
32,10.38082621385566,9640.0,1,6334.0,1936.0,60.0,85.37,ELF,0.5-1,39.855686
33,14.505847646201252,6660.0,1,725.0,2483.0,0.0,,ELF,<0.1,4.95242
34,20.65613429832927,8228.0,1,6797.0,1655.0,24.0,91.92,ELF,0.1-0.5,35.314691
35,14.686182187609896,8951.0,1,730.0,3357.0,0.0,3.96,ELF,<0.1,6.65402
36,12.977709073918618,17985.0,1,1784.0,4609.0,2.0,,ELF,<0.1,25.839079
37,21.97408463247146,4084.0,1,20078.0,675.0,13.0,92.45,ELF,0.1-0.5,43.712442
38,7.258486066039265,34535.0,1,1724.0,8859.0,3.0,29.95,ELF,<0.1,48.869199
39,9.433544653052104,26794.0,1,3014.0,5745.0,21.0,66.92,ELF,0.1-0.5,57.029226
40,16.987787379829715,5700.0,1,11623.0,1067.0,81.0,92.61,ELF,1-1.5,40.552559
41,17.2967157727786,7976.0,1,8049.0,1606.0,69.0,93.83,ELF,1-1.5,41.880598
42,5.877910566889872,20760.0,1,929.0,6936.0,0.0,10.75,ELF,<0.1,18.587702
43,61.44827586206897,51.0,1,3011.0,11.0,0.0,,ELF,<0.1,0.097875
44,49.781755691157336,1711.0,1,45019.0,241.0,44.0,92.91,ELF,1.5-2,35.613758
45,11.107994114623386,8277.0,1,663.0,3305.0,0.0,1.7,ELF,<0.1,5.655373
46,47.08570295690897,2460.0,1,25842.0,415.0,47.0,93.22,ELF,1-1.5,35.409105
47,18.36155400134779,8394.0,1,8854.0,1572.0,111.0,94.51,ELF,1-1.5,45.064903
48,302.05438892178745,70.0,1,1033.0,18.0,0.0,,ELF,<0.1,0.065859
49,44.47781254019365,2115.0,1,30349.0,354.0,46.0,92.68,ELF,1-1.5,35.45336
51,9.309053134700445,8858.0,1,727.0,3346.0,0.0,3.4,ELF,<0.1,6.533527
52,15.242113083945025,13239.0,1,3533.0,3017.0,13.0,83.69,ELF,0.1-0.5,33.166671
53,8.358113477157055,19673.0,1,1336.0,5704.0,1.0,31.4,ELF,<0.1,23.005987
54,18.307864870602533,8381.0,1,709.0,3133.0,0.0,2.8,ELF,<0.1,6.147145
55,46.89280451866405,658.0,1,660.0,220.0,0.0,,ELF,<0.1,0.48864
56,14.85579991580039,5023.0,1,646.0,2062.0,0.0,0.8,ELF,<0.1,3.332557
57,46.66473061528555,664.0,1,636.0,233.0,0.0,,ELF,<0.1,0.475194
58,8.937394364145005,10915.0,1,748.0,4071.0,0.0,3.35,ELF,<0.1,8.23584
60,8.453737516017524,14097.0,1,945.0,4693.0,0.0,11.81,ELF,<0.1,12.801604
62,40.52591157953898,994.0,1,592.0,414.0,0.0,,ELF,<0.1,0.626303
63,10.975943863067045,10989.0,1,717.0,4182.0,0.0,2.4,ELF,<0.1,8.015543
64,18.24013235519891,3715.0,1,13725.0,683.0,28.0,89.71,ELF,0.5-1,30.659317
65,11.86799368693507,16150.0,1,3075.0,3645.0,60.0,81.71,ELF,0.5-1,36.366488
66,38.45572769315309,7832.0,1,5315.0,1658.0,53.0,95.58,ELF,0.5-1,28.791373
67,36.90492231223062,9008.0,1,4212.0,1979.0,34.0,94.74,ELF,0.1-0.5,27.066487
68,29.718902635600777,7806.0,1,5575.0,1632.0,49.0,95.58,ELF,0.5-1,29.65396
69,19.252989848891836,13195.0,1,3511.0,3007.0,27.0,86.89,ELF,0.1-0.5,32.754749
70,15.61192199766873,7671.0,1,6460.0,1577.0,58.0,88.95,ELF,0.5-1,32.302573
74,13.701290420534619,9195.0,1,691.0,3586.0,0.0,,ELF,<0.1,6.500749
75,23.03427644690659,7585.0,1,7680.0,1537.0,17.0,93.06,ELF,0.1-0.5,36.348079
76,34.95434324291411,3957.0,1,774.0,1366.0,0.0,,ELF,<0.1,3.153312
77,29.452564008551395,4760.0,1,13257.0,760.0,72.0,96.57,ELF,1-1.5,34.569795
78,23.199403136173,20149.0,1,1025.0,5852.0,3.0,9.07,ELF,<0.1,20.091685
79,6.065246424420284,19682.0,1,1936.0,5064.0,0.0,42.91,ELF,<0.1,30.738512
80,50.205538481646826,2218.0,1,736.0,778.0,0.0,,ELF,<0.1,1.713791
81,57.373261826566974,457.0,1,720.0,161.0,0.0,0.5,ELF,<0.1,0.343464
82,48.54036469480353,685.0,1,710.0,244.0,0.0,0.6,ELF,<0.1,0.513964
83,12.74465020689608,5875.0,1,6267.0,1236.0,35.0,93.67,ELF,0.5-1,25.204199
84,12.27762370785271,4641.0,1,13999.0,819.0,18.0,88.34,ELF,0.1-0.5,37.33514
85,9.862503134728785,10787.0,1,4979.0,2239.0,13.0,75.53,ELF,0.1-0.5,35.505464
86,10.340065431649183,13157.0,1,1053.0,4231.0,2.0,22.03,ELF,<0.1,12.939304
87,16.45375044930338,18266.0,1,3737.0,3941.0,86.0,88.34,ELF,0.5-1,47.773956
88,14.635535860763728,2191.0,1,34672.0,300.0,27.0,93.37,ELF,0.5-1,32.73285
89,6.243729228456451,21585.0,1,1763.0,5743.0,7.0,,ELF,<0.1,31.275059
90,9.406790184328008,20468.0,1,2106.0,4875.0,1.0,,ELF,<0.1,33.484982
91,10.899307436679551,3670.0,1,14948.0,646.0,21.0,90.02,ELF,0.1-0.5,30.998754
92,9.391826166618612,7987.0,1,7870.0,1568.0,79.0,83.16,ELF,0.5-1,39.826919
93,8.706143444612174,7722.0,1,8211.0,1512.0,68.0,74.7,ELF,0.5-1,40.227025
94,8.021644772278298,21471.0,1,2386.0,5226.0,57.0,69.97,ELF,0.1-0.5,39.511342
95,13.066426040673113,15286.0,1,3619.0,3275.0,4.0,83.16,ELF,<0.1,38.035791
96,6.105645085916673,18134.0,1,853.0,6347.0,0.0,7.39,ELF,<0.1,15.161027
97,6.325488712713546,26810.0,1,1306.0,7732.0,4.0,,ELF,<0.1,31.039657
98,6.4522121924370275,18685.0,1,979.0,6067.0,0.0,17.84,ELF,<0.1,17.461546
99,10.289629504810486,11287.0,1,708.0,4308.0,0.0,2.2,ELF,<0.1,8.177758
100,6.533389456171262,26061.0,1,1877.0,6745.0,8.0,,ELF,<0.1,39.689131
101,8.05448461204498,8666.0,1,5191.0,1815.0,13.0,71.88,ELF,0.1-0.5,30.090808
102,5.43336510456843,24212.0,1,1608.0,6635.0,1.0,,ELF,<0.1,32.857814
103,10.15888523238478,17525.0,1,2586.0,4213.0,35.0,74.92,ELF,0.1-0.5,34.434226
104,9.903103679618114,16054.0,1,2633.0,3547.0,27.0,77.67,ELF,0.1-0.5,31.154021
105,24.300613217351483,6427.0,1,8343.0,1330.0,19.0,93.52,ELF,0.1-0.5,34.187878
106,15.34272753423661,14333.0,1,3654.0,3127.0,48.0,86.74,ELF,0.1-0.5,37.019363
107,7.443389309180917,20525.0,1,1783.0,5410.0,6.0,,ELF,<0.1,29.945713
108,32.51666907127252,1514.0,1,725.0,524.0,0.0,,ELF,<0.1,1.164432
109,10.805556894620317,18617.0,1,2476.0,4485.0,29.0,85.75,ELF,0.1-0.5,35.742193
110,9.97864267091048,13489.0,1,987.0,4206.0,0.0,,ELF,<0.1,12.777815
111,21.016381255769705,12289.0,1,3787.0,2600.0,31.0,88.49,ELF,0.1-0.5,32.077028
112,24.89316365795476,8073.0,1,4550.0,1776.0,51.0,94.21,ELF,0.5-1,26.185846
113,20.231012352332943,1979.0,1,43891.0,233.0,31.0,92.99,ELF,0.5-1,34.1393
114,50.35587706859235,876.0,1,585.0,363.0,0.0,,ELF,<0.1,0.549347
115,8.48991719203354,12214.0,1,3458.0,2742.0,44.0,76.22,ELF,0.1-0.5,30.240931
116,6.105621948944397,22037.0,1,1605.0,6036.0,1.0,,ELF,<0.1,29.893957
117,6.873330583101539,21844.0,1,1183.0,6507.0,3.0,38.8,ELF,<0.1,23.53741
118,10.852930534771303,16440.0,1,1618.0,4440.0,10.0,,ELF,<0.1,22.461583
119,8.149878888839147,17408.0,1,1772.0,4573.0,15.0,67.76,ELF,0.1-0.5,25.442329
120,7.388686178898076,9294.0,1,777.0,3368.0,0.0,1.75,ELF,<0.1,7.259139
121,9.67343320547072,10739.0,1,803.0,3853.0,0.0,7.62,ELF,<0.1,8.585778
122,15.34025276183006,8929.0,1,743.0,3321.0,0.0,2.82,ELF,<0.1,6.721268
123,29.333209937193782,6183.0,1,7346.0,1280.0,25.0,92.91,ELF,0.1-0.5,29.806443
124,18.68832191624498,17625.0,1,3043.0,3824.0,43.0,83.23,ELF,0.1-0.5,37.374094
125,9.245227314168442,16866.0,1,915.0,5684.0,0.0,13.72,ELF,<0.1,14.960968
126,20.385685609287194,7270.0,1,6712.0,1480.0,87.0,94.66,ELF,0.5-1,31.964532
127,10.377757290928828,16690.0,1,1294.0,4821.0,6.0,,ELF,<0.1,19.149412
128,15.020893627287709,20783.0,1,5196.0,1927.0,38.0,96.27,ELF,0.1-0.5,53.696995
129,23.70860906940011,9878.0,1,4444.0,2168.0,69.0,93.22,ELF,0.5-1,31.126535
130,12.089039633582892,19179.0,1,3027.0,4391.0,42.0,85.44,ELF,0.1-0.5,42.529892
131,16.39665091260681,13915.0,1,3078.0,3072.0,32.0,84.07,ELF,0.1-0.5,30.865483
132,15.396372488471771,13408.0,1,3311.0,2952.0,30.0,83.69,ELF,0.1-0.5,31.647315
133,17.446599287475713,13164.0,1,3382.0,2835.0,31.0,86.13,ELF,0.1-0.5,31.339844
134,16.130469526362997,16505.0,1,1732.0,4243.0,5.0,,ELF,<0.1,23.500001
135,8.246478409773127,17017.0,1,1565.0,4526.0,1.0,,ELF,<0.1,22.381863
138,78.85472699137867,184.0,1,570.0,82.0,0.0,,ELF,<0.1,0.108568
139,11.188609573546211,16324.0,1,2003.0,3988.0,11.0,57.93,ELF,<0.1,26.025821
140,10.17923831467738,23057.0,1,787.0,8292.0,0.0,3.43,ELF,<0.1,18.190084
141,9.34645593454843,16888.0,1,2405.0,3836.0,13.0,66.84,ELF,0.1-0.5,30.567212
147,123.85696349521659,4634.0,2,1876.0,801.0,1.0,0.3,ELF,<0.1,6.78596
148,96.02274676400533,1731.0,2,596.0,736.0,0.0,0.2,ELF,<0.1,1.078571
149,0.0,10279.0,2,4120.0,2350.0,49.0,90.4,ELF,0.5-1,30.673214
150,47.407912552037125,24461.0,2,1080.0,7151.0,3.0,21.8,ELF,<0.1,25.161844
151,48.2239900610485,11936.0,2,715.0,4137.0,0.0,,ELF,<0.1,9.140602
152,59.09482304910197,25952.0,2,2103.0,6216.0,25.0,67.99,ELF,0.1-0.5,43.03595
153,50.36362023305524,30055.0,2,1177.0,8729.0,4.0,17.68,ELF,<0.1,32.563782
155,46.828710297209184,7077.0,2,653.0,2873.0,0.0,1.8,ELF,<0.1,4.743023
156,27.519005480379775,8986.0,2,758.0,3310.0,0.0,5.79,ELF,<0.1,6.88091
158,0.0,18540.0,2,21363.0,485.0,30.0,92.99,ELF,0.5-1,44.778925
159,128.45296430969796,4829.0,2,13234.0,762.0,26.0,90.55,ELF,0.1-0.5,33.009051
160,0.0,12479.0,2,5349.0,2623.0,56.0,91.54,ELF,0.5-1,44.610578
161,48.24070605321765,9362.0,2,7812.0,1752.0,65.0,90.24,ELF,0.5-1,44.852823
162,0.0,20591.0,2,2858.0,4793.0,28.0,78.35,ELF,0.1-0.5,43.465943
163,23.35567451464819,20925.0,2,955.0,6932.0,0.0,10.29,ELF,<0.1,19.164758
164,45.0516179908629,19079.0,2,3274.0,4116.0,45.0,89.79,ELF,0.1-0.5,43.466531
165,304.0288031364118,201.0,2,574.0,82.0,0.0,,ELF,<0.1,0.126514
167,35.0726467920127,4556.0,2,629.0,1889.0,0.0,1.2,ELF,<0.1,2.963104
168,20.661195444343154,31533.0,2,1574.0,8472.0,3.0,,ELF,<0.1,41.989642
169,70.00391064906317,7841.0,2,9407.0,1520.0,76.0,96.72,ELF,0.5-1,45.711082
170,0.0,17571.0,2,3232.0,4036.0,28.0,86.66,ELF,0.1-0.5,41.580244
171,16.229484370851708,19820.0,2,1301.0,5856.0,0.0,35.82,ELF,<0.1,22.870856
172,17.82344263951953,20023.0,2,740.0,7548.0,0.0,3.73,ELF,<0.1,14.960056
173,0.0,13357.0,2,3395.0,2931.0,30.0,87.04,ELF,0.1-0.5,31.968756
174,0.0,28359.0,2,1353.0,8138.0,2.0,35.75,ELF,<0.1,33.540458
175,0.0,10709.0,2,6375.0,2175.0,57.0,94.44,ELF,0.5-1,44.780468
176,0.0,17252.0,2,1648.0,4663.0,10.0,58.38,ELF,<0.1,23.912635
178,0.0,27691.0,2,1178.0,8473.0,3.0,37.96,ELF,<0.1,29.5846
179,29.671485806675474,14032.0,2,1568.0,3846.0,1.0,25.76,ELF,<0.1,18.729967
180,21.207864063406532,22767.0,2,912.0,7707.0,0.0,20.88,ELF,<0.1,20.07995
182,0.0,12919.0,2,3485.0,2834.0,32.0,87.96,ELF,0.1-0.5,32.028348
183,0.0,16695.0,2,3555.0,3810.0,41.0,90.85,ELF,0.1-0.5,42.903276
184,0.0,6646.0,2,7382.0,1322.0,22.0,91.08,ELF,0.1-0.5,31.563899
185,15.162139810846902,19260.0,2,844.0,6798.0,0.0,8.69,ELF,<0.1,15.975842
186,0.0,12080.0,2,3913.0,2571.0,39.0,88.26,ELF,0.1-0.5,32.588471
187,94.70357781174356,3879.0,2,2293.0,612.0,2.0,,ELF,<0.1,6.119886
188,29.890728313050857,8290.0,2,663.0,3327.0,0.0,1.8,ELF,<0.1,5.641077
189,67.76868034576702,2185.0,2,605.0,921.0,0.0,0.6,ELF,<0.1,1.375724
192,0.0,14955.0,2,3177.0,3199.0,35.0,84.53,ELF,0.1-0.5,33.890013
193,0.0,19126.0,2,2015.0,4656.0,25.0,62.73,ELF,0.1-0.5,30.553076
194,140.42849211424613,8089.0,2,1089.0,1488.0,0.0,2.1,ELF,<0.1,9.110226
195,16.403792355727827,30291.0,2,1362.0,8742.0,0.0,23.63,ELF,<0.1,36.292376
196,27.180254347261872,18276.0,2,781.0,6530.0,0.0,3.66,ELF,<0.1,14.44875
197,0.0,19048.0,2,2472.0,4567.0,34.0,83.54,ELF,0.1-0.5,36.301764
198,13.334711973968917,22257.0,2,1418.0,6309.0,0.0,34.38,ELF,<0.1,27.473923
199,0.0,19955.0,2,1867.0,5103.0,1.0,56.33,ELF,<0.1,30.103717
202,80.10770842990257,2876.0,2,23970.0,428.0,23.0,95.2,ELF,0.5-1,33.777579
203,61.87752410534592,3199.0,2,608.0,1361.0,0.0,0.5,ELF,<0.1,2.010861
204,47.62399059913107,1638.0,2,748.0,585.0,0.0,,ELF,<0.1,1.262011
205,50.70487956422337,2202.0,2,30299.0,321.0,21.0,92.15,ELF,0.1-0.5,33.817692
206,16.287780191999314,20544.0,2,1079.0,6429.0,0.0,26.14,ELF,<0.1,20.596011
207,0.0,9044.0,2,5817.0,1845.0,44.0,90.78,ELF,0.5-1,34.556874
208,0.0,15985.0,2,2446.0,3792.0,23.0,75.46,ELF,0.1-0.5,29.729115
210,27.025431536137038,18564.0,2,1949.0,4683.0,17.0,65.32,ELF,0.1-0.5,29.063325
211,171.36865106044863,439.0,2,1838.0,89.0,0.0,,ELF,<0.1,0.588996
213,0.0,19687.0,2,1831.0,5060.0,10.0,60.44,ELF,<0.1,29.412436
214,264.77503422878993,59.0,2,628.0,21.0,0.0,,ELF,<0.1,0.042362
216,58.38321236685833,2338.0,2,658.0,907.0,0.0,0.7,ELF,<0.1,1.612568
217,0.0,17603.0,2,2306.0,4274.0,20.0,61.43,ELF,0.1-0.5,31.417652
218,83.56168080531842,1354.0,2,700.0,489.0,0.0,,ELF,<0.1,1.000449
220,136.39441339349563,4225.0,2,2721.0,587.0,2.0,,ELF,<0.1,7.253491
221,0.0,7466.0,2,6634.0,1441.0,30.0,93.67,ELF,0.1-0.5,31.223446
222,159.66396388126978,2075.0,2,2520.0,322.0,3.0,,ELF,<0.1,3.507986
223,0.0,9387.0,2,7879.0,1723.0,42.0,96.57,ELF,0.5-1,45.509527
224,46.19199705719351,16434.0,2,2529.0,3729.0,22.0,79.34,ELF,0.1-0.5,30.8549
225,21.668984116310703,18632.0,2,1478.0,5055.0,8.0,45.12,ELF,<0.1,23.455382
226,14.02056592136109,17187.0,2,1236.0,5054.0,0.0,32.7,ELF,<0.1,19.120077
228,0.0,4796.0,2,9951.0,885.0,27.0,91.39,ELF,0.1-0.5,28.987526
229,116.01684669292251,754.0,2,681.0,277.0,0.0,0.8,ELF,<0.1,0.552512
231,19.41094389169622,15309.0,2,1371.0,4121.0,0.0,44.51,ELF,<0.1,18.351936
232,72.37538981515357,2735.0,2,610.0,1157.0,0.0,0.8,ELF,<0.1,1.72197
233,33.57905668015315,3038.0,2,11520.0,565.0,6.0,75.53,ELF,<0.1,20.713335
234,80.68830430295499,1004.0,2,701.0,347.0,0.0,0.5,ELF,<0.1,0.759664
235,125.031511388123,528.0,2,767.0,163.0,,,ELF,<0.1,0.43159
236,55.72185656846163,4573.0,2,762.0,1586.0,0.0,1.9,ELF,<0.1,3.592348
238,30.01048038438105,13415.0,2,923.0,4447.0,0.0,15.24,ELF,<0.1,11.96521
239,150.4593041797054,748.0,2,2348.0,126.0,0.0,0.1,ELF,<0.1,1.204104
241,0.0,13208.0,2,3636.0,2862.0,38.0,84.53,ELF,0.1-0.5,33.323951
242,15.776650494007153,17265.0,2,1570.0,4593.0,0.0,40.47,ELF,<0.1,22.889041
243,0.0,22343.0,2,1984.0,5591.0,27.0,61.81,ELF,0.1-0.5,35.4218
244,0.0,1468.0,2,43586.0,237.0,17.0,93.45,ELF,0.5-1,32.046363
246,0.0,17580.0,2,2468.0,4243.0,43.0,70.5,ELF,0.1-0.5,33.172427
247,32.384321671643924,9450.0,2,660.0,3823.0,0.0,2.1,ELF,<0.1,6.390069
249,247.33658054888298,910.0,2,579.0,403.0,0.0,,ELF,<0.1,0.540771
251,0.0,22877.0,2,1753.0,6013.0,16.0,62.88,ELF,0.1-0.5,32.704604
252,13.285107533643778,42680.0,2,1261.0,12326.0,5.0,,ELF,<0.1,47.831728
253,0.0,22912.0,2,1355.0,6574.0,4.0,38.03,ELF,<0.1,26.969728
254,0.0,19749.0,2,3598.0,4231.0,62.0,87.96,ELF,0.5-1,50.055532
255,374.8864318162338,55.0,2,578.0,23.0,,,ELF,<0.1,0.035001
257,0.0,23006.0,2,1418.0,6357.0,13.0,54.34,ELF,0.1-0.5,28.448029
258,0.0,10729.0,2,5310.0,2127.0,50.0,87.2,ELF,0.1-0.5,36.716216
259,0.0,27243.0,2,2306.0,5700.0,41.0,75.23,ELF,0.1-0.5,44.025089
260,28.082340783177884,2057.0,2,25145.0,332.0,42.0,91.54,ELF,1-1.5,27.90707
261,96.07745740767234,507.0,2,125851.0,70.0,35.0,95.35,ELF,1-1.5,28.042844
263,23.52852427514242,8709.0,2,686.0,3423.0,0.0,4.5,ELF,<0.1,6.117719
264,18.136697458399922,33306.0,2,1511.0,8490.0,7.0,68.9,ELF,<0.1,42.001966
266,44.096319610791035,21152.0,2,1507.0,5910.0,12.0,51.6,ELF,<0.1,26.933809
267,0.0,18134.0,2,3729.0,3865.0,58.0,83.84,ELF,0.5-1,46.859291
271,29.094077653692676,16987.0,2,1773.0,4460.0,12.0,62.96,ELF,<0.1,24.597903
275,21.01884957915738,12168.0,2,3545.0,2606.0,24.0,84.68,ELF,0.1-0.5,30.30943
276,0.0,19747.0,2,2304.0,4827.0,23.0,67.3,ELF,0.1-0.5,35.355796
277,0.0,17400.0,2,1082.0,5464.0,3.0,26.98,ELF,<0.1,17.475765
278,16.830586503950528,14911.0,2,2435.0,3543.0,8.0,73.32,ELF,<0.1,27.567845
279,126.3029975695382,88.0,2,2913.0,19.0,,,ELF,<0.1,0.177744
280,89.15350535038785,546.0,2,753.0,137.0,0.0,0.1,ELF,<0.1,0.475573
281,20.465979133169636,15281.0,2,2288.0,3696.0,13.0,67.23,ELF,<0.1,27.040331
282,23.146686894617027,11452.0,2,3777.0,2436.0,20.0,86.43,ELF,0.1-0.5,29.97173
283,21.76677111860977,17762.0,2,1288.0,5203.0,2.0,40.55,ELF,<0.1,20.328966
284,30.21682929539746,15579.0,2,3535.0,3489.0,39.0,91.62,ELF,0.1-0.5,39.575418
285,27.66520022568908,9942.0,2,4610.0,2200.0,13.0,70.43,ELF,0.1-0.5,32.710488
286,100.13137497999674,2879.0,2,2605.0,464.0,1.0,,ELF,<0.1,4.949192
287,205.1277742346416,1347.0,2,4742.0,189.0,9.0,,ELF,<0.1,3.659658
288,15.627407388410878,19331.0,2,1322.0,5351.0,2.0,30.03,ELF,<0.1,22.889171
289,172.19112635979343,2355.0,2,2362.0,371.0,1.0,,ELF,<0.1,3.928354
290,23.63567074421929,18333.0,2,2103.0,4640.0,1.0,39.41,ELF,<0.1,30.45863
291,0.0,15608.0,2,2898.0,3584.0,9.0,73.7,ELF,<0.1,32.999352
292,0.0,9319.0,2,8330.0,1593.0,68.0,86.89,ELF,0.5-1,45.127207
293,0.0,34467.0,2,1919.0,8235.0,12.0,52.97,ELF,<0.1,52.946838
294,17.633285119469885,26290.0,2,1224.0,7874.0,1.0,,ELF,<0.1,28.916994
295,0.0,6108.0,2,9287.0,1049.0,24.0,90.85,ELF,0.1-0.5,31.942698
296,221.3553575749794,2662.0,2,2632.0,371.0,0.0,0.2,ELF,<0.1,4.454758
297,117.49420190419781,8722.0,2,869.0,2080.0,1.0,2.5,ELF,<0.1,8.347137
298,19.21042247418682,12645.0,2,904.0,4248.0,0.0,3.66,ELF,<0.1,11.092299
299,0.0,23630.0,2,1242.0,6994.0,4.0,19.82,ELF,<0.1,26.360491
300,0.0,13130.0,2,679.0,5191.0,0.0,3.6,ELF,<0.1,9.136556
301,0.0,14831.0,2,2654.0,3519.0,30.0,81.33,ELF,0.1-0.5,29.79445
303,0.0,16162.0,2,2543.0,3707.0,20.0,67.38,ELF,0.1-0.5,30.728528
304,26.440024146019876,26604.0,2,923.0,8757.0,0.0,,ELF,<0.1,23.795226
305,0.0,9148.0,2,5818.0,1888.0,27.0,90.93,ELF,0.1-0.5,35.607985
307,23.044054018294908,22679.0,2,853.0,7888.0,0.0,7.09,ELF,<0.1,19.069021
308,0.0,22070.0,2,1431.0,6332.0,5.0,43.29,ELF,<0.1,27.007919
309,20.325602824291742,30109.0,2,1051.0,9038.0,0.0,,ELF,<0.1,29.900877
310,0.0,22781.0,2,1354.0,6562.0,2.0,44.66,ELF,<0.1,26.834252
311,15.589425259159208,14344.0,2,765.0,5292.0,0.0,6.25,ELF,<0.1,11.022568
312,67.02804751669609,2030.0,2,2127.0,351.0,1.0,,ELF,<0.1,3.12648
313,0.0,20951.0,2,2060.0,5337.0,26.0,66.84,ELF,0.1-0.5,33.95004
314,27.22955850252965,18509.0,2,1123.0,5771.0,4.0,32.62,ELF,<0.1,18.937617
315,0.0,17974.0,2,2230.0,4442.0,17.0,68.22,ELF,0.1-0.5,31.429524
316,0.0,9486.0,2,5264.0,1797.0,17.0,86.66,ELF,0.1-0.5,31.510139
317,0.0,21106.0,2,1724.0,5500.0,3.0,51.22,ELF,<0.1,30.366226
318,0.0,2268.0,2,23302.0,375.0,49.0,91.69,ELF,0.5-1,28.466704
319,0.0,13375.0,2,1286.0,3881.0,1.0,20.05,ELF,<0.1,15.344885
320,0.0,21304.0,2,2160.0,5223.0,37.0,77.29,ELF,0.1-0.5,36.432652
321,0.0,8544.0,2,5178.0,1736.0,59.0,93.06,ELF,0.5-1,29.318188
323,16.838039961925062,18527.0,2,3446.0,3773.0,39.0,80.26,ELF,0.1-0.5,44.158183
324,13.363181272070872,22843.0,2,1823.0,5769.0,4.0,58.2,ELF,<0.1,34.030714
325,11.59930441145562,36347.0,2,1266.0,9930.0,4.0,,ELF,<0.1,41.293377
326,0.0,8176.0,2,7078.0,1612.0,17.0,90.02,ELF,0.1-0.5,36.149695
327,0.0,1749.0,2,31235.0,280.0,42.0,92.61,ELF,1-1.5,28.522524
328,18.54272437115675,21974.0,2,885.0,7376.0,0.0,6.86,ELF,<0.1,19.145431
330,0.0,5221.0,2,9429.0,1022.0,36.0,91.01,ELF,0.5-1,30.31528
332,26.971926058451388,15935.0,2,2653.0,3670.0,19.0,74.85,ELF,0.1-0.5,31.334859
333,24.849239157453912,13124.0,2,3561.0,2855.0,28.0,86.66,ELF,0.1-0.5,32.951693
334,39.29766927711781,11207.0,2,4466.0,2360.0,36.0,91.46,ELF,0.1-0.5,33.784454
335,15.137982775614274,19460.0,2,1077.0,6073.0,0.0,23.09,ELF,<0.1,19.50026
336,0.0,2426.0,2,26354.0,393.0,42.0,95.5,ELF,1-1.5,34.363685
337,23.227319581347036,17034.0,2,776.0,6084.0,0.0,,ELF,<0.1,13.375183
339,26.82530794283157,16890.0,2,742.0,6234.0,0.0,3.35,ELF,<0.1,12.763408
340,167.5315453800461,981.0,2,580.0,431.0,0.0,0.1,ELF,<0.1,0.589389
341,13.88260275150121,23935.0,2,1118.0,7427.0,0.0,29.8,ELF,<0.1,24.4303
342,16.307859134565735,20493.0,2,969.0,6759.0,0.0,18.98,ELF,<0.1,18.88185
343,20.659345974292144,19011.0,2,712.0,7200.0,0.0,2.44,ELF,<0.1,13.894041
344,0.0,5494.0,2,9940.0,1008.0,29.0,87.96,ELF,0.1-0.5,32.96771
345,15.995330880628748,17976.0,2,879.0,6179.0,0.0,13.64,ELF,<0.1,15.373777
346,22.6911203184387,18816.0,2,778.0,6724.0,0.0,4.95,ELF,<0.1,14.789911
347,146.8645902936594,756.0,2,699.0,220.0,0.0,,ELF,<0.1,0.609107
349,0.0,9038.0,2,5785.0,1767.0,61.0,90.7,ELF,0.5-1,34.202633
350,21.49882174645591,1954.0,2,1175.0,511.0,0.0,,ELF,<0.1,2.090382
352,116.11330671855879,41.0,2,3778.0,5.0,0.0,,ELF,<0.1,0.099694
353,16.96939220469953,11514.0,2,4353.0,2427.0,36.0,85.98,ELF,0.1-0.5,34.46769
354,0.0,20379.0,2,1108.0,6298.0,7.0,19.51,ELF,<0.1,20.89459
356,24.49690537911536,11384.0,2,793.0,4098.0,0.0,12.35,ELF,<0.1,9.000941
357,17.272037403983546,18230.0,2,846.0,6385.0,0.0,12.27,ELF,<0.1,15.20052
360,16.14416179722415,17589.0,2,795.0,6377.0,0.0,6.02,ELF,<0.1,13.94239
361,0.0,22102.0,2,2420.0,5294.0,61.0,74.31,ELF,0.1-0.5,40.784717
362,0.0,22720.0,2,1756.0,5704.0,1.0,53.28,ELF,<0.1,32.33271
363,35.84743684850476,6109.0,2,764.0,2170.0,0.0,2.6,ELF,<0.1,4.784091
364,102.96257934294744,2551.0,2,2731.0,308.0,1.0,,ELF,<0.1,4.405401
365,0.0,29704.0,2,1577.0,7753.0,2.0,29.34,ELF,<0.1,38.95352
366,19.522879594019223,4730.0,2,634.0,1894.0,0.0,,ELF,<0.1,3.161529
367,16.13213977725976,9766.0,2,2643.0,2303.0,0.0,37.27,ELF,<0.1,19.576346
368,17.349676063867477,9796.0,2,815.0,3365.0,0.0,8.38,ELF,<0.1,8.030441
369,0.0,16196.0,2,3004.0,3658.0,31.0,75.84,ELF,0.1-0.5,35.191028
370,13.76996571313599,15656.0,2,2659.0,3672.0,28.0,68.14,ELF,0.1-0.5,31.252202
371,19.81808940139855,12471.0,2,3623.0,2691.0,43.0,83.31,ELF,0.1-0.5,31.973728
372,20.397802499087,10863.0,2,669.0,4344.0,0.0,3.7,ELF,<0.1,7.426072
374,0.0,9264.0,2,8549.0,1484.0,40.0,89.56,ELF,0.5-1,42.886778
375,0.0,1341.0,2,45108.0,229.0,32.0,92.45,ELF,0.5-1,33.263602
376,25.070218892075417,12937.0,2,708.0,4862.0,0.0,1.5,ELF,<0.1,9.472522
377,10.723522269531985,23801.0,2,908.0,8068.0,0.0,13.64,ELF,<0.1,20.908769
378,0.0,24528.0,2,1997.0,5817.0,2.0,42.99,ELF,<0.1,38.732199
379,239.8597924892113,350.0,2,1992.0,64.0,0.0,,ELF,<0.1,0.54455
