,InterPro,Description,102,104,105,106,107,10,110,112,113,114,116,118,11,120,121,122,123,124,125,126,127,129,130,131,132,133,134,140,141,142,14,150,151,153,154,157,159,15,160,161,162,163,164,165,16,170,171,172,173,174,175,176,177,179,17,180,181,183,184,185,186,187,18,193,194,196,197,198,199,19,1,200,203,206,207,208,209,20,211,214,218,222,224,225,226,227,229,22,232,234,239,23,242,243,244,245,247,24,252,254,255,258,259,260,261,262,264,267,268,26,272,276,277,278,279,27,282,283,284,285,286,289,28,291,292,293,294,296,299,29,300,302,304,306,308,309,30,311,312,314,315,316,317,318,319,31,320,321,322,324,327,328,329,32,331,333,334,335,336,337,33,340,342,343,345,346,347,350,354,355,357,358,35,361,362,363,366,368,369,36,370,371,372,375,376,378,38,39,40,41,42,43,45,47,48,50,53,54,59,61,65,66,67,68,69,6,70,71,76,78,79,7,80,84,85,86,87,88,89,92,93,94,95,96,97,99,9
0,IPR000967,NF-X1-type zinc finger,1,0,0,1,0,1,0,1,0,0,1,0,0,1,0,0,0,1,0,0,1,0,0,0,1,0,0,0,0,1,0,1,0,1,0,0,0,1,1,0,0,0,0,0,0,1,1,0,0,0,1,0,0,0,0,1,0,1,0,1,0,1,1,2,0,0,0,1,0,1,0,2,0,1,0,1,0,1,0,0,0,0,0,0,0,0,1,1,0,0,0,0,1,1,0,0,0,1,0,0,0,0,0,0,0,0,0,0,0,0,1,0,0,0,1,1,1,1,1,1,0,0,1,0,1,1,1,0,1,1,0,1,1,1,0,0,0,0,0,0,0,0,0,0,0,1,1,1,0,0,1,0,0,1,1,0,0,0,0,0,0,0,0,0,1,0,0,0,0,0,0,0,0,0,0,0,0,0,0,0,0,1,1,0,1,0,1,0,0,0,0,0,0,0,0,0,1,1,0,0,0,0,0,0,1,0,1,0,1,0,0,0,0,0,1,1,0,1,1,1,0,0,0,2,0,1,0
1,IPR006856,Mating-type protein MAT alpha-1 HMG-Box,0,0,0,1,0,0,0,1,0,1,1,1,0,1,0,0,0,0,0,0,0,0,0,0,0,0,0,0,0,1,0,0,1,0,0,0,0,1,0,0,0,0,0,0,1,0,0,0,0,0,0,0,1,0,0,0,0,1,0,1,0,1,1,0,1,0,0,1,0,1,0,0,0,0,0,1,1,1,0,1,0,1,0,1,0,0,1,1,1,0,0,1,1,1,0,1,0,2,0,0,0,0,1,0,0,0,0,0,0,0,1,1,0,0,1,1,1,1,1,0,0,0,1,0,1,0,1,1,0,0,1,0,0,1,0,0,1,0,0,0,0,1,1,0,1,0,0,0,0,1,1,1,0,1,0,0,1,1,0,1,0,1,0,0,1,0,0,1,0,0,0,0,1,0,0,0,0,0,0,0,0,0,0,0,0,0,1,0,0,0,0,1,0,0,0,0,1,1,1,0,2,0,1,1,1,0,1,1,1,0,0,0,1,1,1,1,0,0,1,1,0,0,0,1,0,0,0
2,IPR018501,DDT domain,1,1,1,1,1,1,1,1,1,1,1,1,1,1,1,1,0,1,1,1,1,1,1,1,1,1,1,1,0,1,1,1,0,1,1,0,1,1,1,1,1,1,0,2,1,1,1,1,1,1,1,1,1,1,0,2,0,1,1,1,0,1,1,1,1,1,0,1,1,1,1,3,1,1,1,1,1,1,1,1,1,1,1,1,0,0,1,1,0,1,1,1,1,0,1,1,1,1,0,1,1,1,1,0,1,1,0,1,1,1,1,1,0,1,1,1,1,1,1,1,1,1,1,1,1,1,1,1,1,1,0,1,1,1,1,1,1,1,0,1,0,1,1,1,1,1,2,1,1,1,1,1,0,1,1,1,1,1,1,1,1,0,1,0,1,0,0,1,1,1,0,0,1,0,1,1,1,1,0,1,1,1,1,1,1,0,1,1,1,1,1,0,1,1,1,1,1,0,0,0,1,1,1,1,1,1,1,1,1,1,1,1,1,1,1,1,1,1,1,1,1,1,1,1,0,1,1
3,IPR007196,CCR4-Not complex component,1,1,1,1,1,1,1,1,1,1,1,2,1,1,1,1,2,1,1,1,1,2,1,1,1,1,1,1,0,1,1,1,1,1,2,0,1,1,1,1,1,1,1,1,1,1,1,1,0,1,1,1,1,1,0,2,1,1,1,1,1,1,1,1,1,1,1,1,1,1,1,4,1,1,1,1,1,1,1,1,1,1,1,1,1,2,1,1,1,1,1,1,1,1,1,1,1,1,1,1,1,1,1,1,1,1,0,1,1,1,1,1,1,2,1,2,1,1,1,1,1,1,1,1,0,1,0,1,0,1,0,1,1,1,2,1,1,2,1,1,0,1,1,1,1,1,2,1,1,1,1,1,1,1,1,1,1,1,1,1,1,0,1,1,1,1,0,1,1,0,0,0,1,0,1,1,1,1,0,0,1,1,1,1,1,1,1,0,0,1,1,1,1,1,1,1,1,1,1,1,1,1,1,1,1,1,1,1,1,1,1,1,0,1,1,1,1,1,1,1,1,1,1,1,0,1,1
4,IPR007396,Putative FMN-binding domain,1,1,1,0,1,2,3,1,2,1,2,2,1,1,1,1,1,1,2,2,3,4,3,0,1,1,1,1,0,1,1,2,0,5,3,0,1,1,1,1,0,1,0,1,1,1,1,2,1,1,0,1,2,2,0,0,1,1,1,1,1,1,1,3,1,1,0,3,1,1,1,0,2,2,1,1,1,1,1,2,1,2,4,1,1,0,1,1,0,1,1,1,1,0,1,1,0,1,2,0,0,2,0,2,2,2,0,1,0,0,1,1,1,0,1,0,1,1,0,3,0,1,0,0,0,0,0,1,0,3,1,0,1,1,0,0,1,1,1,0,0,1,0,0,2,3,0,1,4,1,0,2,1,0,1,1,1,1,1,2,1,0,1,1,1,0,0,3,1,1,0,0,0,0,0,0,0,1,0,0,3,2,2,0,2,1,0,0,0,1,1,0,1,1,0,1,0,0,0,0,1,1,3,5,3,2,0,1,0,3,2,0,0,3,0,0,0,0,1,1,1,1,0,0,0,0,1
5,IPR004595,TFIIH C1-like domain,0,1,0,1,1,1,0,1,0,1,0,1,0,1,0,0,0,1,1,0,0,1,0,1,0,1,1,0,0,1,1,0,0,1,1,0,1,0,1,0,1,1,0,0,1,1,0,0,0,1,1,1,0,1,0,0,0,0,1,0,0,1,1,0,0,0,0,1,0,0,0,1,0,1,1,1,1,0,1,1,0,0,1,1,0,0,0,0,1,0,0,1,1,1,0,0,1,1,1,1,1,1,0,1,1,1,0,0,0,1,1,0,1,1,1,1,0,1,0,1,0,0,1,0,0,1,1,1,0,0,0,1,1,1,0,1,0,1,0,1,0,0,1,0,1,1,0,0,2,1,1,1,0,1,1,0,0,0,0,1,1,0,1,0,1,0,0,1,0,0,0,0,1,0,1,0,1,0,0,0,0,1,1,1,2,0,1,0,0,1,1,0,1,1,1,1,0,0,0,0,1,0,0,0,0,1,0,1,1,2,0,0,0,0,1,1,1,1,1,1,1,0,1,1,0,0,0
6,IPR004181,MIZ zinc finger,3,2,1,3,3,3,2,2,3,3,3,0,3,2,0,1,0,3,2,2,3,5,3,3,3,2,2,0,1,3,3,3,1,2,1,0,4,3,3,3,3,3,0,3,3,3,2,2,0,2,2,3,2,1,1,1,0,2,3,3,0,2,3,2,1,1,0,2,0,3,0,4,3,3,0,3,1,2,1,2,1,3,2,1,1,1,3,3,1,1,1,3,2,3,2,3,2,3,3,3,6,2,3,3,3,2,0,1,4,3,2,3,3,2,2,3,3,5,3,2,2,1,3,0,3,3,2,3,1,3,0,3,2,2,1,1,3,1,1,2,1,2,3,0,2,3,2,3,3,3,3,2,0,3,3,2,3,3,0,3,3,1,1,1,3,0,0,3,2,1,0,1,3,1,3,3,1,1,0,0,3,2,2,3,3,0,3,2,3,3,3,1,3,3,3,3,3,0,0,2,3,3,2,3,2,1,3,3,3,3,1,1,1,3,3,3,2,3,3,3,3,3,3,3,0,1,1
7,IPR000818,TEA/ATTS domain family,0,1,0,1,1,2,1,1,1,1,1,1,1,1,0,1,0,1,1,2,1,2,1,1,1,1,1,0,0,1,1,1,0,1,1,0,1,1,1,1,0,0,1,1,0,1,0,2,0,0,1,1,1,0,0,0,0,1,0,1,0,1,1,1,1,0,0,1,0,1,0,0,1,1,0,1,1,1,1,1,1,1,1,1,0,0,1,1,0,1,0,1,1,0,0,1,1,1,0,1,1,0,1,2,1,1,0,0,0,1,1,1,1,0,1,1,0,1,1,1,2,1,1,2,0,1,1,1,0,1,0,1,1,1,0,0,0,0,1,1,0,1,1,1,1,1,0,0,1,1,1,1,1,1,1,1,0,1,0,1,1,1,0,0,1,0,1,1,1,2,0,0,1,0,0,1,0,0,0,0,2,1,1,1,1,0,1,2,1,1,1,1,1,1,1,1,0,0,0,1,1,1,1,1,1,0,1,1,1,1,0,2,0,1,1,1,0,4,1,1,1,1,0,2,0,0,0
8,IPR001387,Helix-turn-helix,2,1,1,1,1,1,1,1,1,2,1,1,1,1,0,1,1,1,1,0,1,3,1,1,1,1,1,1,1,2,1,1,7,20,5,0,2,1,2,1,1,1,1,1,2,1,1,1,0,1,1,1,0,0,0,1,0,1,1,2,0,1,2,1,1,0,0,1,1,1,1,2,2,2,1,1,1,1,1,1,1,1,1,1,1,0,0,1,1,1,1,2,1,1,0,2,0,1,1,0,1,1,2,1,1,1,0,1,1,1,1,1,1,1,1,1,1,1,0,1,2,6,1,2,1,1,0,2,0,1,1,1,1,2,0,1,2,1,0,1,0,1,2,1,1,1,0,2,1,1,1,1,1,2,1,1,1,1,0,2,1,1,1,1,2,1,0,1,1,0,1,1,1,1,1,1,1,0,0,0,2,1,1,1,2,1,1,1,2,1,1,1,1,1,1,1,1,1,0,1,1,2,1,1,1,1,1,1,1,1,8,1,1,1,1,1,1,1,2,2,1,1,1,1,1,1,1
9,IPR001289,CCAAT-binding TF (CBF-B/NF-YA) subunit B,1,1,1,1,1,1,1,1,1,1,1,0,1,1,0,1,0,1,1,1,1,1,1,1,1,1,1,1,0,1,1,1,1,1,1,1,1,1,1,1,1,1,1,1,1,1,1,1,1,1,1,1,1,1,1,0,1,1,1,1,0,1,1,1,1,1,0,1,1,1,1,3,1,1,1,1,1,1,1,1,1,2,1,1,1,1,1,1,1,1,1,1,1,1,1,1,2,1,1,1,1,1,1,1,1,1,0,1,1,3,1,1,1,1,1,1,1,1,1,1,1,1,1,1,1,1,1,1,0,1,1,1,1,1,1,1,1,1,0,1,1,1,1,1,1,1,2,1,1,1,1,1,1,1,1,1,1,1,1,1,1,0,1,1,1,1,1,1,1,1,0,0,1,0,0,1,1,1,1,1,1,1,1,1,1,1,1,0,1,1,1,0,1,1,1,1,1,1,1,1,1,1,1,1,1,0,1,1,1,2,1,1,1,1,1,1,1,6,1,1,1,1,1,1,1,1,1
10,IPR003120,STE-like TF,1,1,1,1,1,1,1,1,1,1,1,1,1,1,0,0,1,1,1,1,1,2,1,1,1,1,1,1,0,1,1,1,1,1,0,1,1,1,1,1,1,1,0,2,1,1,1,1,0,1,1,1,1,1,0,2,1,1,1,1,0,1,1,1,1,0,1,1,1,1,1,5,1,1,1,1,1,1,1,1,1,1,1,1,1,1,1,1,1,1,1,1,1,1,1,1,0,1,1,0,1,1,1,1,1,1,0,0,1,1,1,1,1,0,1,1,1,1,0,1,1,1,1,1,1,1,1,1,0,1,1,1,1,1,0,0,1,1,0,1,0,1,1,1,1,1,1,1,1,1,1,1,0,1,1,1,1,1,1,1,1,0,0,0,1,0,0,1,1,0,0,0,1,0,1,1,1,1,0,0,1,1,1,1,1,0,1,1,1,1,1,0,1,1,1,1,1,1,0,0,1,1,1,1,1,0,1,1,1,1,1,1,1,1,1,1,0,1,1,1,1,1,1,1,0,1,1
11,IPR003150,RFX DNA-binding domain,2,2,2,2,2,2,2,2,2,2,2,2,2,2,0,1,1,2,2,1,2,3,2,2,2,1,2,1,0,2,2,2,0,2,1,1,2,2,2,2,2,2,1,2,2,2,2,2,0,2,1,2,1,2,1,1,1,2,2,2,1,2,2,2,0,1,1,2,1,2,1,2,2,2,1,2,2,2,1,1,1,2,2,2,1,1,2,2,1,1,1,2,2,1,2,2,2,2,2,1,2,2,2,2,2,2,0,2,2,2,2,2,2,2,2,2,2,2,1,2,2,1,2,0,2,2,1,2,0,2,0,2,2,2,0,2,2,2,1,1,0,1,2,2,2,2,0,2,2,2,2,2,0,2,2,2,2,2,1,2,2,0,0,0,2,0,0,2,2,2,0,1,2,0,2,1,2,1,0,1,2,2,2,2,2,1,2,1,2,2,2,0,2,2,2,2,2,1,0,0,2,2,2,2,2,2,2,2,2,1,0,1,2,2,2,2,0,2,2,2,2,2,2,2,0,0,2
12,IPR004198,Zinc finger,1,1,1,1,1,1,1,1,1,1,1,0,1,1,0,1,1,1,1,1,1,2,1,1,1,1,1,1,0,1,1,1,0,1,0,0,1,0,0,1,1,1,0,1,0,1,1,1,0,1,1,1,1,0,0,0,0,1,1,1,0,1,1,1,1,1,0,1,0,0,1,2,0,0,1,1,1,1,1,1,1,1,1,1,1,0,1,0,1,1,0,0,1,0,1,0,1,1,1,1,1,1,0,1,1,1,0,1,1,1,1,1,1,1,1,1,1,1,1,1,1,1,0,0,1,1,0,1,0,1,0,1,1,1,0,0,1,0,0,1,0,1,1,1,1,1,1,0,1,1,1,1,0,1,1,1,1,1,0,0,1,0,1,0,1,0,0,1,1,1,0,1,1,0,1,1,1,0,0,0,1,1,1,1,1,0,1,1,1,1,1,0,1,1,1,1,0,1,0,0,1,0,1,1,1,1,1,1,1,1,0,1,0,1,1,1,1,1,1,1,1,1,1,1,0,1,0
13,IPR007604,CP2 TF,1,1,1,1,1,3,1,1,1,1,2,1,1,1,0,1,0,1,1,0,3,3,3,1,1,1,1,1,0,1,0,3,1,1,1,0,1,1,1,1,1,1,0,1,1,1,1,3,0,1,0,1,1,1,0,0,1,1,1,1,0,1,1,1,1,1,1,1,1,1,1,4,1,1,1,1,1,1,1,1,1,1,1,1,0,1,1,1,1,0,0,1,1,1,1,1,1,1,1,1,1,1,1,5,1,1,0,1,1,1,1,1,0,1,1,1,1,1,1,1,0,0,1,0,1,1,1,1,0,2,1,1,0,1,0,1,1,1,1,1,0,0,1,1,1,3,0,1,3,1,1,1,0,1,1,1,1,1,0,1,1,0,0,0,1,0,0,2,1,2,0,0,1,0,1,1,1,0,1,1,1,1,1,1,1,1,1,1,1,1,1,1,1,1,1,1,1,1,1,1,1,1,1,1,2,0,1,1,1,1,0,0,1,1,1,1,1,1,1,1,1,1,0,1,1,1,0
14,IPR008895,YL1 nuclear protein,2,1,1,1,1,1,1,1,1,1,2,1,1,1,0,1,0,1,1,0,2,2,1,1,1,1,1,1,0,1,2,1,1,1,0,1,2,1,1,1,1,1,0,1,1,1,1,1,1,1,1,1,1,1,1,1,1,1,1,2,1,1,1,1,1,1,0,1,1,1,1,1,1,2,1,1,1,1,1,1,1,1,2,1,1,1,1,1,1,1,1,1,1,1,1,1,1,1,1,1,1,1,2,3,1,1,0,1,1,1,1,2,1,1,1,1,1,1,1,1,2,1,1,1,1,1,1,1,0,1,1,1,1,1,1,1,1,1,0,1,1,1,1,2,1,1,1,1,1,1,1,1,0,1,2,1,1,1,1,1,1,0,1,1,1,1,0,2,1,0,1,1,1,0,1,1,2,1,0,1,1,1,1,1,1,1,1,1,1,1,1,1,1,1,1,1,1,1,1,0,1,1,1,1,1,1,1,2,1,1,0,1,1,1,1,2,1,1,1,1,1,2,1,1,0,2,1
15,IPR010770,SGT1 protein,2,1,1,1,1,1,1,2,1,1,1,1,1,1,0,1,1,1,1,1,1,2,1,1,1,2,2,1,1,1,1,1,1,1,1,0,1,1,1,1,1,1,1,1,1,1,1,1,0,2,2,1,1,1,1,2,1,1,1,2,0,1,1,1,2,1,1,1,1,1,1,1,1,1,1,1,1,1,1,1,1,1,1,1,2,2,1,1,2,1,0,1,1,0,2,1,1,1,1,3,1,0,1,2,1,1,0,1,1,1,0,1,1,1,1,1,1,1,1,1,1,2,1,1,1,1,1,1,2,1,1,1,2,1,1,2,1,1,1,1,1,1,2,1,1,1,1,1,1,1,1,1,0,1,2,2,1,1,1,1,1,0,1,0,1,1,1,1,1,1,0,1,1,1,1,1,1,2,1,2,1,1,1,1,1,1,1,1,2,1,1,0,1,1,1,1,1,1,0,1,1,1,1,1,1,1,1,1,1,1,0,1,3,1,1,1,0,1,2,2,1,1,1,1,0,0,2
16,IPR018004,KilA-N domain,4,3,4,4,4,4,4,4,4,4,4,3,5,3,0,0,0,4,3,1,4,8,4,4,4,4,4,4,0,5,4,5,2,4,3,2,6,4,4,4,4,4,2,4,4,4,5,2,1,4,1,4,3,3,0,3,0,4,4,4,0,4,3,4,2,3,0,3,4,3,3,9,4,4,2,4,4,4,4,2,4,4,4,4,3,3,4,4,3,1,3,4,4,3,3,5,3,4,4,3,4,4,4,3,4,4,1,3,4,3,3,4,3,1,4,4,3,4,3,4,2,2,4,2,3,4,2,4,0,4,3,4,4,3,1,3,5,3,0,3,2,3,4,4,4,4,1,4,4,4,4,4,0,4,4,4,4,4,3,4,4,0,3,3,4,1,0,4,4,0,2,2,4,0,3,2,1,1,3,2,4,4,4,4,4,3,3,1,2,4,4,2,6,6,4,6,4,3,1,2,3,4,4,3,4,4,5,4,4,4,1,0,4,4,4,4,2,3,4,4,4,3,4,2,3,0,2
17,IPR024061,NDT80/PhoG-like DNA-binding family,3,4,3,3,4,2,3,3,2,2,2,2,3,3,0,2,1,3,5,2,2,4,2,3,3,3,3,3,0,2,3,2,1,3,1,1,4,2,2,3,3,3,0,3,3,3,3,2,0,3,3,3,2,2,0,4,2,3,3,3,1,4,3,4,3,2,1,3,3,2,3,8,2,2,2,3,4,3,3,3,3,3,5,3,4,2,3,2,2,0,0,5,3,2,3,3,2,3,3,3,5,3,2,4,4,3,1,3,3,1,2,3,5,3,2,3,2,3,1,3,0,2,1,0,2,3,1,2,1,2,3,3,3,3,1,2,2,3,1,4,2,3,2,2,3,2,4,3,3,3,3,3,0,3,3,3,3,3,2,2,4,0,3,1,3,1,0,2,3,1,2,1,3,2,3,0,3,0,0,0,2,3,3,3,3,1,1,1,1,4,3,2,3,3,3,3,3,1,2,0,3,2,2,2,2,3,3,3,3,3,0,0,2,2,3,3,2,3,3,3,4,4,4,1,2,3,0
18,IPR003656,BED zinc finger,1,1,0,1,1,1,1,1,1,1,1,1,0,0,0,0,0,1,1,0,1,2,1,0,1,1,1,1,1,1,0,1,0,0,0,0,1,1,1,0,1,0,0,0,1,0,0,1,0,0,1,0,0,0,0,0,0,0,0,1,0,0,1,1,0,0,0,1,1,1,0,0,1,1,0,1,1,1,0,1,0,1,1,0,0,0,1,1,1,0,0,1,0,1,0,1,1,0,0,0,2,1,1,1,1,1,0,0,2,1,1,1,2,0,0,1,0,1,1,1,0,0,0,0,0,1,1,1,0,1,0,1,0,1,0,0,1,1,0,0,0,1,1,1,0,1,0,1,1,1,0,1,0,1,1,1,1,1,0,1,1,0,0,0,1,0,1,1,1,0,0,0,0,0,1,1,1,0,0,0,1,1,1,0,1,0,1,1,11,1,1,0,0,0,1,0,1,0,0,0,1,1,1,1,1,0,1,1,1,1,0,0,1,1,0,1,0,1,1,1,1,1,1,0,0,1,0
19,IPR018060,Bacterial regulatory HTH proteins,1,1,3,0,1,1,1,4,2,0,1,1,1,0,0,0,1,1,1,1,1,2,1,1,3,2,3,1,0,1,2,1,18,38,21,5,1,1,1,0,0,0,0,0,0,0,1,0,0,4,0,0,1,0,0,0,0,2,0,1,1,4,1,2,1,0,1,1,1,1,1,0,1,1,1,4,1,3,1,2,1,1,1,2,1,0,1,1,0,0,1,1,2,0,1,1,1,1,1,1,1,1,1,1,1,1,0,0,1,1,1,1,1,0,1,0,1,1,0,1,0,10,0,0,0,0,1,1,0,1,1,0,2,1,1,0,1,0,0,1,0,1,1,0,1,1,0,1,1,1,0,1,0,1,1,1,2,4,1,1,1,0,0,0,0,0,1,1,3,0,0,0,0,0,1,0,0,0,0,0,1,2,2,0,0,0,0,0,1,1,1,1,1,1,1,1,0,0,0,0,0,1,1,2,1,1,0,0,0,1,21,0,0,1,0,0,0,1,1,1,1,1,1,1,0,0,1
20,IPR005011,SART-1 family,1,2,2,2,1,1,2,1,1,1,1,3,1,2,0,1,2,1,2,2,1,2,1,1,1,1,1,2,1,1,1,1,2,1,2,1,2,1,1,1,1,1,1,1,1,1,1,3,0,1,2,1,1,2,3,2,2,2,1,1,1,2,1,1,1,2,1,1,2,1,2,2,1,1,3,1,1,1,2,1,1,1,1,2,1,3,1,1,1,1,1,1,1,1,1,1,1,1,2,2,1,1,1,3,1,1,1,2,1,1,1,1,1,1,2,1,1,1,3,2,1,1,1,2,1,1,1,1,2,1,0,1,1,1,1,1,1,1,2,1,2,1,1,1,1,1,1,1,1,1,1,1,2,1,1,1,2,1,1,1,1,0,2,2,1,1,1,1,1,2,1,2,3,0,1,3,1,1,1,1,1,2,2,1,1,1,2,1,2,1,1,1,1,1,1,1,1,2,1,2,1,1,1,1,1,2,1,1,1,1,2,2,2,1,2,1,1,1,1,1,1,1,1,1,0,2,2
21,IPR002100,SRF-type TF (DNA-binding and dimerization domain),2,2,2,1,2,3,2,2,2,2,3,2,2,2,1,1,1,2,2,1,2,5,3,3,2,2,2,1,0,2,2,2,1,2,1,0,3,2,2,2,2,2,0,2,2,2,2,3,1,2,1,2,1,2,1,2,1,2,2,2,0,2,2,1,2,0,0,2,2,2,2,9,2,2,2,2,2,2,2,2,2,2,2,2,1,0,2,2,2,2,1,2,2,2,2,2,2,2,2,2,4,2,2,2,2,2,0,2,4,2,2,5,2,1,2,4,1,3,1,2,1,1,2,1,1,3,1,2,0,2,1,3,2,2,0,1,2,1,0,2,0,2,2,2,2,2,2,2,3,2,1,2,1,2,2,2,2,2,1,2,2,0,2,1,2,1,0,3,2,2,1,1,1,0,4,2,1,2,1,0,2,3,3,2,2,0,2,0,1,2,3,1,2,2,3,2,1,1,0,0,3,1,2,3,2,1,2,2,2,3,1,1,1,3,1,1,1,4,1,2,2,2,2,2,1,0,1
22,IPR010666,GRF zinc finger,2,0,0,1,1,1,1,1,1,0,1,0,2,1,0,0,0,0,1,0,1,1,1,2,1,0,1,0,0,1,1,2,0,0,0,0,0,2,0,2,2,1,0,1,2,1,2,0,0,1,0,2,0,0,0,0,1,0,1,2,0,1,2,1,2,1,0,1,1,0,0,1,0,0,0,1,0,1,0,3,1,2,2,1,0,0,1,2,1,1,0,0,1,1,2,0,0,2,0,0,2,1,1,1,2,2,0,0,3,0,1,1,1,0,1,1,1,1,0,2,2,0,0,2,1,2,0,0,0,1,0,2,1,2,0,0,1,0,0,1,0,1,0,0,2,1,1,0,0,0,1,2,0,2,1,1,1,1,0,0,0,0,0,0,3,0,0,2,1,0,0,0,1,0,2,0,0,0,0,0,0,1,2,1,3,0,1,0,0,2,3,0,1,1,2,1,1,0,1,1,2,1,1,1,0,0,1,2,1,2,0,0,1,1,1,1,1,1,2,2,2,1,2,2,0,0,0
23,IPR000232,HSF-type DNA-binding,3,1,3,2,3,3,3,3,3,3,3,0,3,1,0,0,1,3,3,1,3,6,3,3,3,3,3,2,0,3,1,3,0,3,0,0,3,3,3,3,3,2,0,4,3,3,3,2,0,3,3,3,2,1,1,2,0,2,3,3,0,2,3,3,2,0,0,2,2,3,2,24,3,3,2,3,2,3,2,2,2,3,3,3,1,2,2,3,2,3,0,3,3,1,2,3,1,3,1,2,3,0,3,3,3,3,0,0,3,2,2,4,2,0,2,3,3,4,3,4,3,2,2,3,2,3,1,3,2,3,1,3,1,3,0,1,3,1,1,1,0,3,3,1,3,3,3,3,3,2,3,3,1,3,3,2,3,3,0,3,3,0,0,0,3,0,0,3,3,0,0,0,3,0,2,2,1,2,0,0,3,1,2,3,3,0,2,1,2,3,3,0,3,3,3,3,2,0,0,0,3,3,3,3,3,3,3,3,3,3,1,3,2,3,3,2,0,3,3,3,2,3,2,2,0,1,1
24,IPR001766,Fork head domain,4,3,4,4,4,5,4,4,4,4,5,1,4,4,0,1,2,4,3,4,5,9,5,9,4,4,4,4,0,4,4,5,3,4,3,0,5,4,4,3,4,4,2,4,4,4,4,4,0,4,4,3,3,2,3,3,1,4,3,4,1,4,4,4,3,2,2,4,3,4,3,11,4,4,3,4,4,4,4,4,4,4,4,4,4,2,5,4,2,3,1,4,4,3,4,4,3,3,3,1,4,4,5,6,4,4,0,2,4,3,3,4,3,2,4,4,4,4,3,4,7,2,4,3,2,4,4,4,0,5,2,4,4,4,1,1,4,1,2,3,0,4,4,4,4,4,5,4,4,4,4,4,3,4,4,4,4,4,3,4,4,0,0,1,4,0,0,4,4,1,0,0,4,0,4,4,3,3,0,1,3,4,4,4,4,4,3,2,4,4,4,2,5,5,4,5,4,4,1,0,4,4,4,4,4,2,4,4,3,4,2,5,3,4,4,4,0,7,4,4,4,3,4,4,0,1,1
25,IPR001356,Homeobox domain,6,7,8,6,11,7,9,10,7,8,6,4,6,8,0,1,1,6,10,3,7,14,6,9,7,7,8,5,1,5,6,6,2,5,1,1,10,5,8,8,7,7,2,9,8,8,6,6,0,7,6,7,7,4,0,8,3,8,8,6,0,8,4,8,6,3,0,6,5,7,5,30,7,6,4,9,7,8,5,8,6,7,12,6,3,4,6,6,4,4,4,8,8,3,7,8,5,6,4,3,7,4,7,7,7,7,1,6,9,2,5,6,7,1,5,7,6,6,4,10,10,3,3,4,3,7,3,9,4,7,2,7,6,5,1,4,10,5,3,5,3,8,7,7,7,7,10,9,6,11,5,8,2,8,9,6,9,9,4,11,9,0,3,1,7,1,0,6,7,0,1,1,6,0,6,2,5,2,1,0,8,6,7,7,6,0,5,2,4,10,9,2,8,8,7,8,5,1,2,1,7,9,7,7,7,4,7,6,6,9,2,4,2,7,6,5,2,7,7,7,10,10,5,4,0,6,2
26,IPR000679,GATA zinc finger,8,5,6,6,6,6,6,5,6,6,6,3,7,3,0,3,3,7,5,3,7,10,7,6,4,4,6,3,0,3,5,7,2,5,1,1,7,4,8,7,8,7,6,7,4,7,7,7,1,6,8,7,6,4,1,10,1,5,7,7,0,7,8,7,4,4,0,6,4,4,3,39,6,6,3,6,6,7,5,5,3,5,6,5,3,3,6,4,3,8,1,5,7,2,5,5,4,6,3,2,5,3,5,3,4,5,2,3,6,8,6,8,5,1,5,7,6,8,3,6,10,3,7,7,6,8,5,6,5,6,1,6,6,7,0,3,5,5,1,3,3,3,5,5,5,7,11,8,6,5,6,5,2,6,6,5,3,5,1,6,6,1,4,2,7,2,0,6,5,2,2,2,4,1,6,4,4,7,3,0,5,5,6,5,6,1,9,4,7,6,5,2,8,5,6,5,4,3,0,2,6,4,6,6,6,4,7,6,6,5,0,5,3,6,4,6,1,6,8,9,6,5,5,7,2,3,1
27,IPR013767,PAS fold,2,0,0,4,0,0,1,0,0,1,1,1,1,0,0,1,0,0,0,0,0,2,0,1,0,0,0,0,0,1,0,1,3,5,4,0,2,0,1,1,1,1,1,1,1,1,1,1,0,0,1,1,1,1,1,1,1,1,1,2,0,0,0,0,0,1,0,1,0,0,1,2,0,0,0,0,1,0,1,2,0,1,1,0,0,0,3,0,0,0,1,0,0,1,0,0,0,1,0,0,0,0,0,0,1,1,0,0,0,0,0,0,0,0,0,0,0,1,1,1,0,2,0,0,2,1,0,1,0,0,0,1,0,0,0,0,1,0,0,0,0,1,0,1,0,1,1,0,0,0,3,0,0,1,0,0,1,0,1,0,0,0,0,0,1,0,0,0,0,0,0,0,4,0,0,1,0,0,0,1,2,0,0,0,1,0,0,0,0,0,0,2,1,1,0,1,2,1,0,1,0,1,0,1,0,0,1,1,3,1,1,0,2,0,2,3,0,0,1,2,0,0,0,0,0,0,0
28,IPR001878,Zinc knuckle (CCHC),13,9,8,11,11,7,11,13,8,14,8,6,13,9,0,0,0,10,10,3,7,19,7,16,9,11,11,10,1,21,9,7,6,7,7,1,14,13,10,14,11,9,4,12,11,13,13,8,1,9,7,14,6,12,1,9,8,8,13,16,4,10,18,8,8,9,4,10,8,14,7,14,13,13,6,9,9,10,8,9,9,11,10,10,8,8,11,13,7,8,1,12,8,8,8,11,8,13,7,9,13,4,9,8,10,10,0,6,10,43,8,12,7,8,11,13,11,14,5,11,22,4,29,13,11,10,29,12,4,9,4,16,6,12,4,7,10,6,2,10,4,10,9,10,10,10,9,13,10,11,12,9,11,13,8,6,9,10,5,18,9,1,3,2,10,1,2,11,10,5,1,1,26,0,16,6,7,10,3,9,11,8,9,19,9,3,13,7,28,9,10,6,9,9,14,8,11,8,3,4,14,15,10,9,11,4,15,11,12,11,3,19,14,10,10,12,11,16,16,15,12,10,14,29,3,7,8
29,IPR004827,Basic region leucine zipper 2,17,25,18,18,26,18,26,23,20,19,16,11,21,16,2,4,5,21,24,5,17,34,17,19,22,21,24,15,2,17,20,15,7,24,12,5,23,16,15,24,27,20,5,21,14,22,20,13,4,21,22,23,11,11,6,22,9,24,22,19,3,21,21,22,16,14,2,22,11,16,15,57,18,16,10,23,21,23,18,19,12,18,40,22,11,12,15,17,11,15,10,26,22,10,23,19,17,23,21,17,30,13,21,30,17,17,4,12,21,20,16,21,17,12,18,22,16,21,12,27,13,11,15,8,13,26,11,15,8,18,4,19,17,23,4,18,22,13,5,18,13,13,21,17,19,18,19,25,17,29,20,18,6,19,24,17,24,25,13,21,22,0,11,5,20,5,0,20,23,10,3,5,19,1,25,17,5,14,1,1,24,19,22,21,23,4,21,11,18,28,25,9,29,29,29,30,18,8,1,1,20,22,20,19,20,8,16,19,21,28,3,6,10,16,21,21,7,34,19,19,28,24,23,17,3,10,8
30,IPR007889,Helix-turn-helix,1,1,0,1,1,0,1,1,1,1,0,0,1,1,0,0,0,1,1,0,0,0,0,1,0,1,1,0,0,0,0,0,0,1,0,0,1,1,1,0,1,1,0,1,0,1,0,0,0,1,1,1,0,0,0,0,0,1,0,1,0,1,1,0,0,0,0,1,0,1,0,0,1,1,0,1,1,1,0,0,0,0,1,1,0,0,0,1,0,1,0,1,1,0,0,1,0,1,0,0,1,1,1,1,1,1,0,0,0,1,1,2,1,0,1,0,1,2,0,1,0,0,1,0,0,1,1,1,0,0,0,0,0,1,0,0,1,0,0,0,0,0,0,0,1,1,0,1,0,1,1,1,1,1,0,0,0,1,0,1,1,0,0,0,1,0,0,1,1,0,0,0,1,0,1,0,0,1,0,0,0,0,0,3,1,0,3,1,4,1,1,0,0,0,2,0,1,0,0,0,1,1,1,0,1,0,1,1,1,1,0,0,1,1,2,1,0,1,1,1,1,1,1,0,0,0,0
31,IPR011598,Helix-loop-helix DNA-binding domain,11,11,10,13,12,11,13,10,10,11,10,8,10,14,2,2,1,10,11,6,11,20,10,10,10,10,10,7,0,8,7,10,7,11,7,2,13,9,11,10,11,9,4,11,9,10,10,10,2,10,8,10,7,8,5,18,6,10,10,12,3,10,13,10,9,7,5,13,9,9,9,61,11,10,7,10,9,10,9,8,8,12,20,10,9,8,13,9,8,11,6,11,10,8,10,11,8,14,11,8,12,8,10,11,9,9,1,8,12,9,9,10,12,6,10,17,10,9,7,15,13,5,7,9,10,11,6,10,7,11,6,10,9,14,2,5,11,8,3,9,4,11,10,9,10,11,17,13,11,13,12,9,8,12,10,9,10,10,6,12,12,1,7,6,13,3,0,10,10,5,3,2,13,0,13,5,7,9,5,3,12,10,10,15,11,6,9,6,9,12,10,4,12,12,13,13,12,5,0,4,16,10,12,12,12,8,16,12,13,12,3,7,9,11,14,11,5,13,12,12,12,11,12,7,4,7,5
32,IPR001005,Myb-like DNA-binding domain,12,12,15,17,14,16,14,16,17,15,15,10,14,12,0,7,3,16,16,4,17,30,17,15,16,16,16,9,2,11,17,16,7,15,8,5,21,11,15,17,16,13,7,16,11,15,15,10,2,16,10,17,12,9,8,17,5,16,16,14,4,16,16,15,14,8,2,15,11,10,9,33,12,11,10,16,15,16,14,14,11,15,17,16,10,10,18,11,7,8,6,16,16,7,15,13,11,17,12,9,16,14,15,19,15,15,0,8,15,22,12,15,10,9,12,18,13,15,9,17,13,5,17,14,13,15,14,17,1,16,5,17,14,16,4,6,12,8,4,11,4,9,14,12,15,15,13,17,16,13,17,15,3,16,18,16,16,16,9,13,12,1,4,3,16,2,1,14,16,5,2,3,16,0,14,16,7,7,4,2,12,12,13,17,14,5,19,11,18,15,17,7,16,16,16,16,17,6,3,4,17,14,17,16,17,11,14,19,16,15,3,5,14,16,15,13,7,16,14,12,14,14,16,20,0,6,7
33,IPR004827,bZIP TF 1,17,25,18,18,26,18,26,23,20,19,16,11,21,16,2,4,5,21,24,5,17,34,17,19,22,21,24,15,2,17,20,15,7,24,12,5,23,16,15,24,27,20,5,21,14,22,20,13,4,21,22,23,11,11,6,22,9,24,22,19,3,21,21,22,16,14,2,22,11,16,15,57,18,16,10,23,21,23,18,19,12,18,40,22,11,12,15,17,11,15,10,26,22,10,23,19,17,23,21,17,30,13,21,30,17,17,4,12,21,20,16,21,17,12,18,22,16,21,12,27,13,11,15,8,13,26,11,15,8,18,4,19,17,23,4,18,22,13,5,18,13,13,21,17,19,18,19,25,17,29,20,18,6,19,24,17,24,25,13,21,22,0,11,5,20,5,0,20,23,10,3,5,19,1,25,17,5,14,1,1,24,19,22,21,23,4,21,11,18,28,25,9,29,29,29,30,18,8,1,1,20,22,20,19,20,8,16,19,21,28,3,6,10,16,21,21,7,34,19,19,28,24,23,17,3,10,8
34,IPR007087,Zinc finger (C2H2),73,50,53,68,61,64,60,62,65,65,55,36,62,55,2,14,2,67,59,16,65,103,59,73,64,64,60,38,3,51,64,59,24,55,22,12,75,49,60,64,62,60,17,67,60,69,62,36,5,57,43,68,47,37,15,37,29,64,66,77,9,59,68,59,49,31,6,56,44,50,42,117,54,53,32,64,53,74,54,62,47,60,91,58,40,33,57,50,38,25,20,62,63,27,52,60,45,74,58,37,72,41,70,68,57,55,4,32,64,96,50,59,54,22,53,94,45,61,33,83,43,26,64,26,51,62,58,55,23,63,26,60,56,73,5,33,73,36,11,57,23,51,53,45,63,59,39,69,68,71,63,61,9,77,67,54,69,70,27,64,67,4,26,16,58,7,5,58,67,22,7,9,63,3,79,33,30,22,9,10,62,51,58,65,79,20,86,52,104,65,80,11,78,78,93,78,62,28,10,13,71,68,60,56,57,36,82,60,63,78,12,28,36,59,64,56,15,97,76,74,61,66,70,77,13,24,25
35,IPR001138,Fungal Zn(2)-Cys(6) binuclear cluster domain,91,76,121,66,108,136,107,149,128,64,127,37,133,71,3,7,7,149,91,10,139,94,117,129,125,124,133,67,1,53,157,135,26,88,23,27,91,59,72,149,139,88,9,124,60,140,119,40,9,134,83,150,40,53,3,14,37,129,136,100,32,155,119,130,89,31,5,93,68,58,80,46,64,65,73,165,121,196,116,81,100,77,237,117,68,37,64,61,29,51,54,69,144,21,79,72,57,126,76,50,74,51,94,98,126,119,7,52,72,52,54,84,68,21,58,139,55,90,42,145,29,24,48,8,36,135,24,57,3,154,41,94,103,108,4,40,123,46,13,66,27,67,76,48,120,116,14,82,112,179,68,127,4,117,155,119,152,177,40,93,107,3,30,17,110,10,2,159,178,27,20,9,62,6,104,20,29,24,11,4,102,98,137,109,189,15,59,16,68,113,123,15,168,172,126,165,46,14,9,11,79,102,119,111,135,51,72,89,67,122,4,6,23,101,64,68,16,121,105,107,114,110,72,37,12,21,51
36,IPR007219,Fungal-specific TF domain,96,91,121,67,95,174,169,146,150,87,175,51,144,92,4,12,13,119,108,20,171,153,163,148,143,141,149,93,3,57,132,173,40,131,69,13,107,68,82,161,103,114,27,151,51,164,137,40,5,129,76,160,62,53,14,19,32,140,152,104,18,141,143,159,90,42,13,140,66,70,75,54,90,85,54,151,120,159,112,62,109,96,283,122,62,27,76,69,28,47,29,88,144,21,88,90,68,147,70,49,89,83,112,113,111,105,0,44,83,63,54,100,72,34,64,93,54,89,47,195,48,39,42,34,46,108,54,82,8,170,58,85,94,139,8,43,133,42,21,75,36,102,87,56,114,124,20,106,130,199,63,115,4,111,122,111,154,157,37,111,97,4,23,8,115,11,6,180,149,29,9,9,60,9,100,36,36,31,7,8,136,122,133,90,215,23,55,35,66,103,110,17,122,120,107,120,57,29,18,13,78,119,149,123,144,59,76,82,62,141,24,14,28,116,62,61,21,109,102,104,101,93,95,63,15,31,32
